-- MySQL dump 10.17  Distrib 10.3.22-MariaDB, for debian-linux-gnu (x86_64)
--
-- Host: localhost    Database: week3
-- ------------------------------------------------------
-- Server version	10.3.22-MariaDB-1ubuntu1

/*!40101 SET @OLD_CHARACTER_SET_CLIENT=@@CHARACTER_SET_CLIENT */;
/*!40101 SET @OLD_CHARACTER_SET_RESULTS=@@CHARACTER_SET_RESULTS */;
/*!40101 SET @OLD_COLLATION_CONNECTION=@@COLLATION_CONNECTION */;
/*!40101 SET NAMES utf8mb4 */;
/*!40103 SET @OLD_TIME_ZONE=@@TIME_ZONE */;
/*!40103 SET TIME_ZONE='+00:00' */;
/*!40014 SET @OLD_UNIQUE_CHECKS=@@UNIQUE_CHECKS, UNIQUE_CHECKS=0 */;
/*!40014 SET @OLD_FOREIGN_KEY_CHECKS=@@FOREIGN_KEY_CHECKS, FOREIGN_KEY_CHECKS=0 */;
/*!40101 SET @OLD_SQL_MODE=@@SQL_MODE, SQL_MODE='NO_AUTO_VALUE_ON_ZERO' */;
/*!40111 SET @OLD_SQL_NOTES=@@SQL_NOTES, SQL_NOTES=0 */;

--
-- Current Database: `week3`
--

CREATE DATABASE /*!32312 IF NOT EXISTS*/ `week3` /*!40100 DEFAULT CHARACTER SET utf8mb4 */;

USE `week3`;

--
-- Table structure for table `company_info`
--

DROP TABLE IF EXISTS `company_info`;
/*!40101 SET @saved_cs_client     = @@character_set_client */;
/*!40101 SET character_set_client = utf8 */;
CREATE TABLE `company_info` (
  `code` varchar(255) NOT NULL,
  `name` varchar(255) NOT NULL,
  `upjong` varchar(255) NOT NULL,
  PRIMARY KEY (`code`)
) ENGINE=InnoDB DEFAULT CHARSET=utf8mb4;
/*!40101 SET character_set_client = @saved_cs_client */;

--
-- Dumping data for table `company_info`
--

LOCK TABLES `company_info` WRITE;
/*!40000 ALTER TABLE `company_info` DISABLE KEYS */;
INSERT INTO `company_info` VALUES ('000070','삼양홀딩스','기타금융업'),('000080','하이트진로','음식료품'),('000100','유한양행','의약품'),('000120','CJ대한통운','운수창고업'),('000150','두산','서비스업'),('000210','대림산업','건설업'),('000240','한국테크놀로지그룹','기타금융업'),('000270','기아차','운수장비'),('000640','동아쏘시오홀딩스','기타금융업'),('000660','SK하이닉스','전기전자'),('000670','영풍','철강금속'),('000720','현대건설','건설업'),('000810','삼성화재','보험업'),('000880','한화','화학'),('000990','DB하이텍','전기전자'),('001040','CJ','기타금융업'),('001060','JW중외제약','의약품'),('001120','LG상사','유통업'),('001230','동국제강','철강금속'),('001430','세아베스틸','철강금속'),('001450','현대해상','보험업'),('001680','대상','음식료품'),('001740','SK네트웍스','유통업'),('001800','오리온홀딩스','기타금융업'),('002240','고려제강','철강금속'),('002270','롯데푸드','음식료품'),('002350','넥센타이어','화학'),('002380','KCC','화학'),('002790','아모레G','화학'),('003000','부광약품','의약품'),('003240','태광산업','화학'),('003410','쌍용양회','비금속광물'),('003490','대한항공','운수창고업'),('003520','영진약품','의약품'),('003550','LG','기타금융업'),('003670','포스코케미칼','비금속광물'),('003850','보령제약','의약품'),('004000','롯데정밀화학','화학'),('004020','현대제철','철강금속'),('004170','신세계','유통업'),('004370','농심','음식료품'),('004490','세방전지','전기전자'),('004800','효성','기타금융업'),('004990','롯데지주','기타금융업'),('005180','빙그레','음식료품'),('005250','녹십자홀딩스','서비스업'),('005300','롯데칠성','음식료품'),('005380','현대차','운수장비'),('005440','현대그린푸드','유통업'),('005490','POSCO','철강금속'),('005610','SPC삼립','음식료품'),('005830','DB손해보험','보험업'),('005930','삼성전자','전기전자'),('005940','NH투자증권','증권'),('006120','SK디스커버리','기타금융업'),('006260','LS','기타금융업'),('006280','녹십자','의약품'),('006360','GS건설','건설업'),('006390','한일현대시멘트','비금속광물'),('006400','삼성SDI','전기전자'),('006650','대한유화','화학'),('006800','미래에셋대우','증권'),('007070','GS리테일','유통업'),('007310','오뚜기','음식료품'),('007570','일양약품','의약품'),('007700','F&F','섬유의복'),('008560','메리츠증권','증권'),('008770','호텔신라','유통업'),('008930','한미사이언스','기타금융업'),('009150','삼성전기','전기전자'),('009240','한샘','유통업'),('009410','태영건설','건설업'),('009420','한올바이오파마','의약품'),('009540','한국조선해양','운수장비'),('009830','한화솔루션','화학'),('010060','OCI','화학'),('010120','LS ELECTRIC','전기전자'),('010130','고려아연','철강금속'),('010140','삼성중공업','운수장비'),('010620','현대미포조선','운수장비'),('010780','아이에스동서','비금속광물'),('010950','S-Oil','화학'),('011070','LG이노텍','전기전자'),('011170','롯데케미칼','화학'),('011200','HMM','운수창고업'),('011210','현대위아','운수장비'),('011780','금호석유','화학'),('011790','SKC','화학'),('012330','현대모비스','운수장비'),('012450','한화에어로스페이스','운수장비'),('012630','HDC','기타금융업'),('012750','에스원','서비스업'),('014680','한솔케미칼','화학'),('014820','동원시스템즈','화학'),('014830','유니드','화학'),('015760','한국전력','전기가스업'),('016360','삼성증권','증권'),('016380','KG동부제철','철강금속'),('017670','SK텔레콤','통신업'),('017800','현대엘리베이','기계'),('018250','애경산업','화학'),('018260','삼성에스디에스','서비스업'),('018880','한온시스템','기계'),('019680','대교','서비스업'),('020000','한섬','섬유의복'),('020150','일진머티리얼즈','전기전자'),('020560','아시아나항공','운수창고업'),('021240','코웨이','서비스업'),('023530','롯데쇼핑','유통업'),('024110','기업은행','은행'),('025860','남해화학','화학'),('026960','동서','유통업'),('027410','BGF','기타금융업'),('028050','삼성엔지니어링','서비스업'),('028260','삼성물산','유통업'),('028670','팬오션','운수창고업'),('029780','삼성카드','기타금융업'),('030000','제일기획','서비스업'),('030200','KT','통신업'),('031430','신세계인터내셔날','유통업'),('032350','롯데관광개발','서비스업'),('032640','LG유플러스','통신업'),('032830','삼성생명','보험업'),('033780','KT&G','미분류'),('034020','두산중공업','기계'),('034220','LG디스플레이','전기전자'),('034730','SK','기타금융업'),('035250','강원랜드','서비스업'),('035420','NAVER','서비스업'),('035720','카카오','서비스업'),('036460','한국가스공사','전기가스업'),('036570','엔씨소프트','서비스업'),('042660','대우조선해양','운수장비'),('042670','두산인프라코어','기계'),('047040','대우건설','건설업'),('047050','포스코인터내셔널','유통업'),('047810','한국항공우주','운수장비'),('049770','동원F&B','음식료품'),('051600','한전KPS','건설업'),('051900','LG생활건강','화학'),('051910','LG화학','화학'),('052690','한전기술','서비스업'),('055550','신한지주','기타금융업'),('057050','현대홈쇼핑','유통업'),('060980','한라홀딩스','기타금융업'),('064350','현대로템','운수장비'),('064960','S&T모티브','운수장비'),('066570','LG전자','전기전자'),('068270','셀트리온','의약품'),('069260','휴켐스','화학'),('069620','대웅제약','의약품'),('069960','현대백화점','유통업'),('071050','한국금융지주','기타금융업'),('071840','롯데하이마트','유통업'),('073240','금호타이어','화학'),('078930','GS','기타금융업'),('079160','CJ CGV','서비스업'),('079550','LIG넥스원','기계'),('081660','휠라홀딩스','유통업'),('086280','현대글로비스','운수창고업'),('086790','하나금융지주','기타금융업'),('088350','한화생명','보험업'),('090430','아모레퍼시픽','화학'),('093050','LF','섬유의복'),('093370','후성','화학'),('096770','SK이노베이션','화학'),('097950','CJ제일제당','음식료품'),('103140','풍산','철강금속'),('105560','KB금융','기타금융업'),('105630','한세실업','섬유의복'),('108670','LG하우시스','화학'),('111770','영원무역','유통업'),('114090','GKL','서비스업'),('115390','락앤락','화학'),('120110','코오롱인더','화학'),('128940','한미약품','의약품'),('138930','BNK금융지주','기타금융업'),('139480','이마트','유통업'),('145990','삼양사','음식료품'),('161390','한국타이어앤테크놀로지','화학'),('161890','한국콜마','화학'),('170900','동아에스티','의약품'),('180640','한진칼','운수창고업'),('185750','종근당','의약품'),('192080','더블유게임즈','서비스업'),('192400','쿠쿠홀딩스','기타금융업'),('192820','코스맥스','화학'),('204320','만도','운수장비'),('207940','삼성바이오로직스','의약품'),('214320','이노션','서비스업'),('241560','두산밥캣','기계'),('241590','화승엔터프라이즈','미분류'),('251270','넷마블','서비스업'),('267250','현대중공업지주','화학'),('271560','오리온','음식료품'),('282330','BGF리테일','유통업'),('284740','쿠쿠홈시스','서비스업'),('285130','SK케미칼','화학'),('294870','HDC현대산업개발','건설업'),('316140','우리금융지주','기타금융업');
/*!40000 ALTER TABLE `company_info` ENABLE KEYS */;
UNLOCK TABLES;

--
-- Table structure for table `company_sichong`
--

DROP TABLE IF EXISTS `company_sichong`;
/*!40101 SET @saved_cs_client     = @@character_set_client */;
/*!40101 SET character_set_client = utf8 */;
CREATE TABLE `company_sichong` (
  `code` varchar(255) NOT NULL,
  `sichong` int(11) NOT NULL,
  PRIMARY KEY (`code`),
  UNIQUE KEY `REL_d5ae69a600457d8b2463a26bf9` (`code`),
  CONSTRAINT `FK_d5ae69a600457d8b2463a26bf9b` FOREIGN KEY (`code`) REFERENCES `company_info` (`code`) ON DELETE NO ACTION ON UPDATE NO ACTION
) ENGINE=InnoDB DEFAULT CHARSET=utf8mb4;
/*!40101 SET character_set_client = @saved_cs_client */;

--
-- Dumping data for table `company_sichong`
--

LOCK TABLES `company_sichong` WRITE;
/*!40000 ALTER TABLE `company_sichong` DISABLE KEYS */;
INSERT INTO `company_sichong` VALUES ('000070',5978),('000080',29176),('000100',37774),('000120',34789),('000150',7080),('000210',30102),('000240',10511),('000270',149579),('000640',6322),('000660',609338),('000670',9229),('000720',39364),('000810',83853),('000880',17128),('000990',13386),('001040',24859),('001060',8263),('001120',5950),('001230',5716),('001430',4124),('001450',20696),('001680',9026),('001740',12558),('001800',8144),('002240',3160),('002270',3707),('002350',5098),('002380',12130),('002790',44033),('003000',25903),('003240',7705),('003410',24664),('003490',17451),('003520',15381),('003550',124414),('003670',43485),('003850',8095),('004000',11068),('004020',33962),('004170',20478),('004370',22323),('004490',4018),('004800',14476),('004990',33309),('005180',6118),('005250',12533),('005300',8073),('005380',261744),('005440',7846),('005490',169142),('005610',5781),('005830',32426),('005930',3235622),('005940',24286),('006120',8938),('006260',13669),('006280',26412),('006360',21466),('006390',4659),('006400',258211),('006650',7962),('006800',48592),('007070',27142),('007310',19901),('007570',18246),('007700',12659),('008560',21259),('008770',27513),('008930',23203),('009150',102704),('009240',24475),('009410',12415),('009420',16691),('009540',62493),('009830',41485),('010060',12759),('010120',18090),('010130',74631),('010140',35406),('010620',12642),('010780',13855),('010950',69464),('011070',36921),('011170',59296),('011200',16892),('011210',10375),('011780',27208),('011790',25974),('012330',193436),('012450',12101),('012630',5610),('012750',32299),('014680',16660),('014820',5380),('014830',3703),('015760',125183),('016360',25718),('016380',12051),('017670',167951),('017800',17641),('018250',5969),('018260',131929),('018880',48736),('019680',3507),('020000',8054),('020150',22917),('020560',8182),('021240',54981),('023530',22122),('024110',55809),('025860',3944),('026960',19142),('027410',3982),('028050',23716),('028260',198100),('028670',19138),('029780',32556),('030000',19902),('030200',61753),('031430',10603),('032350',11396),('032640',49337),('032830',92600),('033780',110383),('034020',20682),('034220',44190),('034730',157959),('035250',49099),('035420',461580),('035720',285061),('036460',23540),('036570',176071),('042660',25354),('042670',15136),('047040',14339),('047050',17519),('047810',23930),('049770',7255),('051600',13365),('051900',206629),('051910',364256),('052690',6134),('055550',145606),('057050',7500),('060980',2885),('064350',13345),('064960',6061),('066570',121263),('068270',430457),('069260',6725),('069620',12919),('069960',13995),('071050',27974),('071840',7236),('073240',8517),('078930',32846),('079160',4116),('079550',7073),('081660',20534),('086280',43125),('086790',86620),('088350',12811),('090430',95580),('093050',3523),('093370',7307),('096770',122055),('097950',55550),('103140',6488),('105560',147196),('105630',4320),('108670',5452),('111770',10901),('114090',7979),('115390',5852),('120110',9362),('128940',29608),('138930',16558),('139480',30803),('145990',6178),('161390',31774),('161890',10056),('170900',8072),('180640',51892),('185750',15131),('192080',14203),('192400',5839),('192820',9095),('204320',10988),('207940',499546),('214320',9490),('241560',27569),('241590',6235),('251270',106822),('267250',36811),('271560',52583),('282330',22123),('284740',7954),('285130',32935),('294870',14434),('316140',63560);
/*!40000 ALTER TABLE `company_sichong` ENABLE KEYS */;
UNLOCK TABLES;

--
-- Table structure for table `stock_price`
--

DROP TABLE IF EXISTS `stock_price`;
/*!40101 SET @saved_cs_client     = @@character_set_client */;
/*!40101 SET character_set_client = utf8 */;
CREATE TABLE `stock_price` (
  `code` varchar(255) NOT NULL,
  `date` datetime NOT NULL,
  `price` int(11) NOT NULL,
  `id` int(11) NOT NULL AUTO_INCREMENT,
  PRIMARY KEY (`id`)
) ENGINE=InnoDB AUTO_INCREMENT=2001 DEFAULT CHARSET=utf8mb4;
/*!40101 SET character_set_client = @saved_cs_client */;

--
-- Dumping data for table `stock_price`
--

LOCK TABLES `stock_price` WRITE;
/*!40000 ALTER TABLE `stock_price` DISABLE KEYS */;
INSERT INTO `stock_price` VALUES ('005930','2020-07-24 00:00:00',54200,1),('005930','2020-07-23 00:00:00',54100,2),('005930','2020-07-22 00:00:00',54700,3),('005930','2020-07-21 00:00:00',55300,4),('005930','2020-07-20 00:00:00',54200,5),('005930','2020-07-17 00:00:00',54400,6),('005930','2020-07-16 00:00:00',53800,7),('005930','2020-07-15 00:00:00',54700,8),('005930','2020-07-14 00:00:00',53800,9),('005930','2020-07-13 00:00:00',53400,10),('000660','2020-07-24 00:00:00',83700,11),('000660','2020-07-23 00:00:00',82400,12),('000660','2020-07-22 00:00:00',83200,13),('000660','2020-07-21 00:00:00',84100,14),('000660','2020-07-20 00:00:00',82200,15),('000660','2020-07-17 00:00:00',82900,16),('000660','2020-07-16 00:00:00',82700,17),('000660','2020-07-15 00:00:00',83000,18),('000660','2020-07-14 00:00:00',82900,19),('000660','2020-07-13 00:00:00',83000,20),('207940','2020-07-24 00:00:00',755000,21),('207940','2020-07-23 00:00:00',775000,22),('207940','2020-07-22 00:00:00',790000,23),('207940','2020-07-21 00:00:00',750000,24),('207940','2020-07-20 00:00:00',739000,25),('207940','2020-07-17 00:00:00',743000,26),('207940','2020-07-16 00:00:00',732000,27),('207940','2020-07-15 00:00:00',749000,28),('207940','2020-07-14 00:00:00',735000,29),('207940','2020-07-13 00:00:00',730000,30),('035420','2020-07-24 00:00:00',281000,31),('035420','2020-07-23 00:00:00',284000,32),('035420','2020-07-22 00:00:00',270000,33),('035420','2020-07-21 00:00:00',270000,34),('035420','2020-07-20 00:00:00',263000,35),('035420','2020-07-17 00:00:00',276000,36),('035420','2020-07-16 00:00:00',273000,37),('035420','2020-07-15 00:00:00',286500,38),('035420','2020-07-14 00:00:00',287000,39),('035420','2020-07-13 00:00:00',297000,40),('068270','2020-07-24 00:00:00',319000,41),('068270','2020-07-23 00:00:00',322000,42),('068270','2020-07-22 00:00:00',321500,43),('068270','2020-07-21 00:00:00',321500,44),('068270','2020-07-20 00:00:00',323000,45),('068270','2020-07-17 00:00:00',328000,46),('068270','2020-07-16 00:00:00',315000,47),('068270','2020-07-15 00:00:00',316000,48),('068270','2020-07-14 00:00:00',324000,49),('068270','2020-07-13 00:00:00',329000,50),('051910','2020-07-24 00:00:00',516000,51),('051910','2020-07-23 00:00:00',532000,52),('051910','2020-07-22 00:00:00',527000,53),('051910','2020-07-21 00:00:00',531000,54),('051910','2020-07-20 00:00:00',511000,55),('051910','2020-07-17 00:00:00',516000,56),('051910','2020-07-16 00:00:00',523000,57),('051910','2020-07-15 00:00:00',544000,58),('051910','2020-07-14 00:00:00',534000,59),('051910','2020-07-13 00:00:00',547000,60),('035720','2020-07-24 00:00:00',324500,61),('035720','2020-07-23 00:00:00',329500,62),('035720','2020-07-22 00:00:00',318000,63),('035720','2020-07-21 00:00:00',316000,64),('035720','2020-07-20 00:00:00',310000,65),('035720','2020-07-17 00:00:00',325000,66),('035720','2020-07-16 00:00:00',322000,67),('035720','2020-07-15 00:00:00',337500,68),('035720','2020-07-14 00:00:00',343000,69),('035720','2020-07-13 00:00:00',352000,70),('005380','2020-07-24 00:00:00',122500,71),('005380','2020-07-23 00:00:00',124500,72),('005380','2020-07-22 00:00:00',118500,73),('005380','2020-07-21 00:00:00',121500,74),('005380','2020-07-20 00:00:00',121500,75),('005380','2020-07-17 00:00:00',117500,76),('005380','2020-07-16 00:00:00',110000,77),('005380','2020-07-15 00:00:00',109000,78),('005380','2020-07-14 00:00:00',101500,79),('005380','2020-07-13 00:00:00',101500,80),('006400','2020-07-24 00:00:00',375500,81),('006400','2020-07-23 00:00:00',385500,82),('006400','2020-07-22 00:00:00',388000,83),('006400','2020-07-21 00:00:00',387000,84),('006400','2020-07-20 00:00:00',378500,85),('006400','2020-07-17 00:00:00',383500,86),('006400','2020-07-16 00:00:00',386000,87),('006400','2020-07-15 00:00:00',393000,88),('006400','2020-07-14 00:00:00',392000,89),('006400','2020-07-13 00:00:00',394000,90),('051900','2020-07-24 00:00:00',1323000,91),('051900','2020-07-23 00:00:00',1341000,92),('051900','2020-07-22 00:00:00',1383000,93),('051900','2020-07-21 00:00:00',1385000,94),('051900','2020-07-20 00:00:00',1321000,95),('051900','2020-07-17 00:00:00',1345000,96),('051900','2020-07-16 00:00:00',1339000,97),('051900','2020-07-15 00:00:00',1350000,98),('051900','2020-07-14 00:00:00',1340000,99),('051900','2020-07-13 00:00:00',1300000,100),('028260','2020-07-24 00:00:00',106000,101),('028260','2020-07-23 00:00:00',108000,102),('028260','2020-07-22 00:00:00',111000,103),('028260','2020-07-21 00:00:00',110000,104),('028260','2020-07-20 00:00:00',107500,105),('028260','2020-07-17 00:00:00',110000,106),('028260','2020-07-16 00:00:00',109500,107),('028260','2020-07-15 00:00:00',111000,108),('028260','2020-07-14 00:00:00',109000,109),('028260','2020-07-13 00:00:00',108000,110),('012330','2020-07-24 00:00:00',203500,111),('012330','2020-07-23 00:00:00',211500,112),('012330','2020-07-22 00:00:00',211000,113),('012330','2020-07-21 00:00:00',217000,114),('012330','2020-07-20 00:00:00',224000,115),('012330','2020-07-17 00:00:00',220500,116),('012330','2020-07-16 00:00:00',213000,117),('012330','2020-07-15 00:00:00',215500,118),('012330','2020-07-14 00:00:00',210000,119),('012330','2020-07-13 00:00:00',204500,120),('036570','2020-07-24 00:00:00',802000,121),('036570','2020-07-23 00:00:00',811000,122),('036570','2020-07-22 00:00:00',861000,123),('036570','2020-07-21 00:00:00',859000,124),('036570','2020-07-20 00:00:00',859000,125),('036570','2020-07-17 00:00:00',880000,126),('036570','2020-07-16 00:00:00',879000,127),('036570','2020-07-15 00:00:00',928000,128),('036570','2020-07-14 00:00:00',946000,129),('036570','2020-07-13 00:00:00',965000,130),('005490','2020-07-24 00:00:00',194000,131),('005490','2020-07-23 00:00:00',195500,132),('005490','2020-07-22 00:00:00',197500,133),('005490','2020-07-21 00:00:00',191500,134),('005490','2020-07-20 00:00:00',187500,135),('005490','2020-07-17 00:00:00',186500,136),('005490','2020-07-16 00:00:00',186500,137),('005490','2020-07-15 00:00:00',186500,138),('005490','2020-07-14 00:00:00',184500,139),('005490','2020-07-13 00:00:00',187000,140),('017670','2020-07-24 00:00:00',208000,141),('017670','2020-07-23 00:00:00',211500,142),('017670','2020-07-22 00:00:00',214500,143),('017670','2020-07-21 00:00:00',215500,144),('017670','2020-07-20 00:00:00',216500,145),('017670','2020-07-17 00:00:00',217000,146),('017670','2020-07-16 00:00:00',218000,147),('017670','2020-07-15 00:00:00',218000,148),('017670','2020-07-14 00:00:00',217500,149),('017670','2020-07-13 00:00:00',215500,150),('034730','2020-07-24 00:00:00',224500,151),('034730','2020-07-23 00:00:00',230000,152),('034730','2020-07-22 00:00:00',235500,153),('034730','2020-07-21 00:00:00',233500,154),('034730','2020-07-20 00:00:00',231000,155),('034730','2020-07-17 00:00:00',234000,156),('034730','2020-07-16 00:00:00',236000,157),('034730','2020-07-15 00:00:00',237000,158),('034730','2020-07-14 00:00:00',231500,159),('034730','2020-07-13 00:00:00',242500,160),('000270','2020-07-24 00:00:00',36900,161),('000270','2020-07-23 00:00:00',36700,162),('000270','2020-07-22 00:00:00',35800,163),('000270','2020-07-21 00:00:00',36700,164),('000270','2020-07-20 00:00:00',38000,165),('000270','2020-07-17 00:00:00',36800,166),('000270','2020-07-16 00:00:00',35300,167),('000270','2020-07-15 00:00:00',35200,168),('000270','2020-07-14 00:00:00',34000,169),('000270','2020-07-13 00:00:00',33800,170),('105560','2020-07-24 00:00:00',35400,171),('105560','2020-07-23 00:00:00',35850,172),('105560','2020-07-22 00:00:00',36200,173),('105560','2020-07-21 00:00:00',36700,174),('105560','2020-07-20 00:00:00',36900,175),('105560','2020-07-17 00:00:00',35650,176),('105560','2020-07-16 00:00:00',35950,177),('105560','2020-07-15 00:00:00',35650,178),('105560','2020-07-14 00:00:00',35100,179),('105560','2020-07-13 00:00:00',35350,180),('055550','2020-07-24 00:00:00',30500,181),('055550','2020-07-23 00:00:00',30500,182),('055550','2020-07-22 00:00:00',30450,183),('055550','2020-07-21 00:00:00',30400,184),('055550','2020-07-20 00:00:00',30450,185),('055550','2020-07-17 00:00:00',29750,186),('055550','2020-07-16 00:00:00',30050,187),('055550','2020-07-15 00:00:00',29800,188),('055550','2020-07-14 00:00:00',29400,189),('055550','2020-07-13 00:00:00',29600,190),('018260','2020-07-24 00:00:00',170500,191),('018260','2020-07-23 00:00:00',173500,192),('018260','2020-07-22 00:00:00',177500,193),('018260','2020-07-21 00:00:00',180000,194),('018260','2020-07-20 00:00:00',180500,195),('018260','2020-07-17 00:00:00',180500,196),('018260','2020-07-16 00:00:00',179000,197),('018260','2020-07-15 00:00:00',183000,198),('018260','2020-07-14 00:00:00',184500,199),('018260','2020-07-13 00:00:00',183500,200),('015760','2020-07-24 00:00:00',19500,201),('015760','2020-07-23 00:00:00',19400,202),('015760','2020-07-22 00:00:00',19800,203),('015760','2020-07-21 00:00:00',19800,204),('015760','2020-07-20 00:00:00',19950,205),('015760','2020-07-17 00:00:00',19750,206),('015760','2020-07-16 00:00:00',19600,207),('015760','2020-07-15 00:00:00',19600,208),('015760','2020-07-14 00:00:00',19850,209),('015760','2020-07-13 00:00:00',20000,210),('003550','2020-07-24 00:00:00',72100,211),('003550','2020-07-23 00:00:00',72600,212),('003550','2020-07-22 00:00:00',73200,213),('003550','2020-07-21 00:00:00',72200,214),('003550','2020-07-20 00:00:00',71800,215),('003550','2020-07-17 00:00:00',72200,216),('003550','2020-07-16 00:00:00',73400,217),('003550','2020-07-15 00:00:00',73600,218),('003550','2020-07-14 00:00:00',72800,219),('003550','2020-07-13 00:00:00',70200,220),('096770','2020-07-24 00:00:00',132000,221),('096770','2020-07-23 00:00:00',132000,222),('096770','2020-07-22 00:00:00',135000,223),('096770','2020-07-21 00:00:00',125000,224),('096770','2020-07-20 00:00:00',122500,225),('096770','2020-07-17 00:00:00',124500,226),('096770','2020-07-16 00:00:00',124500,227),('096770','2020-07-15 00:00:00',123500,228),('096770','2020-07-14 00:00:00',128000,229),('096770','2020-07-13 00:00:00',131000,230),('066570','2020-07-24 00:00:00',74100,231),('066570','2020-07-23 00:00:00',74100,232),('066570','2020-07-22 00:00:00',75000,233),('066570','2020-07-21 00:00:00',74900,234),('066570','2020-07-20 00:00:00',76000,235),('066570','2020-07-17 00:00:00',75700,236),('066570','2020-07-16 00:00:00',74500,237),('066570','2020-07-15 00:00:00',74900,238),('066570','2020-07-14 00:00:00',70800,239),('066570','2020-07-13 00:00:00',68500,240),('033780','2020-07-24 00:00:00',80400,241),('033780','2020-07-23 00:00:00',80800,242),('033780','2020-07-22 00:00:00',81800,243),('033780','2020-07-21 00:00:00',82300,244),('033780','2020-07-20 00:00:00',83100,245),('033780','2020-07-17 00:00:00',82400,246),('033780','2020-07-16 00:00:00',83700,247),('033780','2020-07-15 00:00:00',80700,248),('033780','2020-07-14 00:00:00',80500,249),('033780','2020-07-13 00:00:00',79000,250),('251270','2020-07-24 00:00:00',124500,251),('251270','2020-07-23 00:00:00',125500,252),('251270','2020-07-22 00:00:00',126000,253),('251270','2020-07-21 00:00:00',129000,254),('251270','2020-07-20 00:00:00',129500,255),('251270','2020-07-17 00:00:00',126500,256),('251270','2020-07-16 00:00:00',124000,257),('251270','2020-07-15 00:00:00',126500,258),('251270','2020-07-14 00:00:00',135000,259),('251270','2020-07-13 00:00:00',133500,260),('009150','2020-07-24 00:00:00',137500,261),('009150','2020-07-23 00:00:00',141500,262),('009150','2020-07-22 00:00:00',142000,263),('009150','2020-07-21 00:00:00',136500,264),('009150','2020-07-20 00:00:00',131000,265),('009150','2020-07-17 00:00:00',131000,266),('009150','2020-07-16 00:00:00',127000,267),('009150','2020-07-15 00:00:00',130000,268),('009150','2020-07-14 00:00:00',125500,269),('009150','2020-07-13 00:00:00',127500,270),('090430','2020-07-24 00:00:00',163500,271),('090430','2020-07-23 00:00:00',165500,272),('090430','2020-07-22 00:00:00',167500,273),('090430','2020-07-21 00:00:00',171000,274),('090430','2020-07-20 00:00:00',165000,275),('090430','2020-07-17 00:00:00',165000,276),('090430','2020-07-16 00:00:00',165000,277),('090430','2020-07-15 00:00:00',162000,278),('090430','2020-07-14 00:00:00',164000,279),('090430','2020-07-13 00:00:00',160000,280),('032830','2020-07-24 00:00:00',46300,281),('032830','2020-07-23 00:00:00',46550,282),('032830','2020-07-22 00:00:00',47950,283),('032830','2020-07-21 00:00:00',47350,284),('032830','2020-07-20 00:00:00',46950,285),('032830','2020-07-17 00:00:00',46750,286),('032830','2020-07-16 00:00:00',47050,287),('032830','2020-07-15 00:00:00',46350,288),('032830','2020-07-14 00:00:00',46050,289),('032830','2020-07-13 00:00:00',45700,290),('086790','2020-07-24 00:00:00',28850,291),('086790','2020-07-23 00:00:00',28650,292),('086790','2020-07-22 00:00:00',28900,293),('086790','2020-07-21 00:00:00',29900,294),('086790','2020-07-20 00:00:00',29550,295),('086790','2020-07-17 00:00:00',28000,296),('086790','2020-07-16 00:00:00',28050,297),('086790','2020-07-15 00:00:00',27800,298),('086790','2020-07-14 00:00:00',27400,299),('086790','2020-07-13 00:00:00',27200,300),('000810','2020-07-24 00:00:00',177000,301),('000810','2020-07-23 00:00:00',179000,302),('000810','2020-07-22 00:00:00',183000,303),('000810','2020-07-21 00:00:00',183500,304),('000810','2020-07-20 00:00:00',182000,305),('000810','2020-07-17 00:00:00',185500,306),('000810','2020-07-16 00:00:00',185000,307),('000810','2020-07-15 00:00:00',180500,308),('000810','2020-07-14 00:00:00',180500,309),('000810','2020-07-13 00:00:00',182500,310),('010130','2020-07-24 00:00:00',395500,311),('010130','2020-07-23 00:00:00',403500,312),('010130','2020-07-22 00:00:00',398500,313),('010130','2020-07-21 00:00:00',369000,314),('010130','2020-07-20 00:00:00',363500,315),('010130','2020-07-17 00:00:00',368000,316),('010130','2020-07-16 00:00:00',364500,317),('010130','2020-07-15 00:00:00',369000,318),('010130','2020-07-14 00:00:00',376500,319),('010130','2020-07-13 00:00:00',375000,320),('010950','2020-07-24 00:00:00',61700,321),('010950','2020-07-23 00:00:00',62200,322),('010950','2020-07-22 00:00:00',63000,323),('010950','2020-07-21 00:00:00',63000,324),('010950','2020-07-20 00:00:00',62500,325),('010950','2020-07-17 00:00:00',63300,326),('010950','2020-07-16 00:00:00',63900,327),('010950','2020-07-15 00:00:00',63500,328),('010950','2020-07-14 00:00:00',62100,329),('010950','2020-07-13 00:00:00',63100,330),('316140','2020-07-24 00:00:00',8800,331),('316140','2020-07-23 00:00:00',8820,332),('316140','2020-07-22 00:00:00',8860,333),('316140','2020-07-21 00:00:00',8940,334),('316140','2020-07-20 00:00:00',8970,335),('316140','2020-07-17 00:00:00',8820,336),('316140','2020-07-16 00:00:00',8890,337),('316140','2020-07-15 00:00:00',8790,338),('316140','2020-07-14 00:00:00',8500,339),('316140','2020-07-13 00:00:00',8600,340),('009540','2020-07-24 00:00:00',88300,341),('009540','2020-07-23 00:00:00',89000,342),('009540','2020-07-22 00:00:00',90800,343),('009540','2020-07-21 00:00:00',93000,344),('009540','2020-07-20 00:00:00',90100,345),('009540','2020-07-17 00:00:00',89400,346),('009540','2020-07-16 00:00:00',91000,347),('009540','2020-07-15 00:00:00',91000,348),('009540','2020-07-14 00:00:00',88500,349),('009540','2020-07-13 00:00:00',89700,350),('030200','2020-07-24 00:00:00',23650,351),('030200','2020-07-23 00:00:00',23850,352),('030200','2020-07-22 00:00:00',24100,353),('030200','2020-07-21 00:00:00',24100,354),('030200','2020-07-20 00:00:00',24150,355),('030200','2020-07-17 00:00:00',24300,356),('030200','2020-07-16 00:00:00',24450,357),('030200','2020-07-15 00:00:00',24700,358),('030200','2020-07-14 00:00:00',24600,359),('030200','2020-07-13 00:00:00',24350,360),('011170','2020-07-24 00:00:00',173000,361),('011170','2020-07-23 00:00:00',174500,362),('011170','2020-07-22 00:00:00',180500,363),('011170','2020-07-21 00:00:00',175000,364),('011170','2020-07-20 00:00:00',175000,365),('011170','2020-07-17 00:00:00',176500,366),('011170','2020-07-16 00:00:00',178000,367),('011170','2020-07-15 00:00:00',177500,368),('011170','2020-07-14 00:00:00',176000,369),('011170','2020-07-13 00:00:00',176000,370),('024110','2020-07-24 00:00:00',8250,371),('024110','2020-07-23 00:00:00',8250,372),('024110','2020-07-22 00:00:00',8350,373),('024110','2020-07-21 00:00:00',8260,374),('024110','2020-07-20 00:00:00',8330,375),('024110','2020-07-17 00:00:00',8200,376),('024110','2020-07-16 00:00:00',8290,377),('024110','2020-07-15 00:00:00',8260,378),('024110','2020-07-14 00:00:00',8100,379),('024110','2020-07-13 00:00:00',8150,380),('097950','2020-07-24 00:00:00',369000,381),('097950','2020-07-23 00:00:00',373000,382),('097950','2020-07-22 00:00:00',371000,383),('097950','2020-07-21 00:00:00',376500,384),('097950','2020-07-20 00:00:00',376000,385),('097950','2020-07-17 00:00:00',380000,386),('097950','2020-07-16 00:00:00',384000,387),('097950','2020-07-15 00:00:00',392500,388),('097950','2020-07-14 00:00:00',406000,389),('097950','2020-07-13 00:00:00',400000,390),('021240','2020-07-24 00:00:00',74500,391),('021240','2020-07-23 00:00:00',76000,392),('021240','2020-07-22 00:00:00',77500,393),('021240','2020-07-21 00:00:00',78300,394),('021240','2020-07-20 00:00:00',80100,395),('021240','2020-07-17 00:00:00',76400,396),('021240','2020-07-16 00:00:00',74000,397),('021240','2020-07-15 00:00:00',70900,398),('021240','2020-07-14 00:00:00',71400,399),('021240','2020-07-13 00:00:00',71100,400),('271560','2020-07-24 00:00:00',133000,401),('271560','2020-07-23 00:00:00',134000,402),('271560','2020-07-22 00:00:00',135000,403),('271560','2020-07-21 00:00:00',139500,404),('271560','2020-07-20 00:00:00',136500,405),('271560','2020-07-17 00:00:00',138000,406),('271560','2020-07-16 00:00:00',137000,407),('271560','2020-07-15 00:00:00',135000,408),('271560','2020-07-14 00:00:00',143000,409),('271560','2020-07-13 00:00:00',147000,410),('180640','2020-07-24 00:00:00',87700,411),('180640','2020-07-23 00:00:00',89100,412),('180640','2020-07-22 00:00:00',93500,413),('180640','2020-07-21 00:00:00',98400,414),('180640','2020-07-20 00:00:00',93900,415),('180640','2020-07-17 00:00:00',97000,416),('180640','2020-07-16 00:00:00',97400,417),('180640','2020-07-15 00:00:00',99000,418),('180640','2020-07-14 00:00:00',97100,419),('180640','2020-07-13 00:00:00',95300,420),('032640','2020-07-24 00:00:00',11300,421),('032640','2020-07-23 00:00:00',11600,422),('032640','2020-07-22 00:00:00',12100,423),('032640','2020-07-21 00:00:00',12150,424),('032640','2020-07-20 00:00:00',12300,425),('032640','2020-07-17 00:00:00',12250,426),('032640','2020-07-16 00:00:00',12250,427),('032640','2020-07-15 00:00:00',12300,428),('032640','2020-07-14 00:00:00',12450,429),('032640','2020-07-13 00:00:00',12050,430),('035250','2020-07-24 00:00:00',22950,431),('035250','2020-07-23 00:00:00',23200,432),('035250','2020-07-22 00:00:00',23900,433),('035250','2020-07-21 00:00:00',24800,434),('035250','2020-07-20 00:00:00',25000,435),('035250','2020-07-17 00:00:00',24400,436),('035250','2020-07-16 00:00:00',24250,437),('035250','2020-07-15 00:00:00',24000,438),('035250','2020-07-14 00:00:00',23550,439),('035250','2020-07-13 00:00:00',23250,440),('018880','2020-07-24 00:00:00',9130,441),('018880','2020-07-23 00:00:00',9260,442),('018880','2020-07-22 00:00:00',9460,443),('018880','2020-07-21 00:00:00',9430,444),('018880','2020-07-20 00:00:00',9500,445),('018880','2020-07-17 00:00:00',9700,446),('018880','2020-07-16 00:00:00',9420,447),('018880','2020-07-15 00:00:00',9510,448),('018880','2020-07-14 00:00:00',9540,449),('018880','2020-07-13 00:00:00',9660,450),('006800','2020-07-24 00:00:00',7530,451),('006800','2020-07-23 00:00:00',7720,452),('006800','2020-07-22 00:00:00',8040,453),('006800','2020-07-21 00:00:00',7980,454),('006800','2020-07-20 00:00:00',7710,455),('006800','2020-07-17 00:00:00',7910,456),('006800','2020-07-16 00:00:00',7570,457),('006800','2020-07-15 00:00:00',7400,458),('006800','2020-07-14 00:00:00',7070,459),('006800','2020-07-13 00:00:00',7160,460),('034220','2020-07-24 00:00:00',12350,461),('034220','2020-07-23 00:00:00',12750,462),('034220','2020-07-22 00:00:00',12900,463),('034220','2020-07-21 00:00:00',13100,464),('034220','2020-07-20 00:00:00',12650,465),('034220','2020-07-17 00:00:00',12600,466),('034220','2020-07-16 00:00:00',12750,467),('034220','2020-07-15 00:00:00',12700,468),('034220','2020-07-14 00:00:00',12450,469),('034220','2020-07-13 00:00:00',12450,470),('002790','2020-07-24 00:00:00',53400,471),('002790','2020-07-23 00:00:00',52300,472),('002790','2020-07-22 00:00:00',53700,473),('002790','2020-07-21 00:00:00',54900,474),('002790','2020-07-20 00:00:00',54100,475),('002790','2020-07-17 00:00:00',54800,476),('002790','2020-07-16 00:00:00',54700,477),('002790','2020-07-15 00:00:00',53300,478),('002790','2020-07-14 00:00:00',53100,479),('002790','2020-07-13 00:00:00',51700,480),('003670','2020-07-24 00:00:00',71300,481),('003670','2020-07-23 00:00:00',73800,482),('003670','2020-07-22 00:00:00',73300,483),('003670','2020-07-21 00:00:00',74500,484),('003670','2020-07-20 00:00:00',75600,485),('003670','2020-07-17 00:00:00',76400,486),('003670','2020-07-16 00:00:00',75800,487),('003670','2020-07-15 00:00:00',77400,488),('003670','2020-07-14 00:00:00',78400,489),('003670','2020-07-13 00:00:00',80100,490),('086280','2020-07-24 00:00:00',115000,491),('086280','2020-07-23 00:00:00',117000,492),('086280','2020-07-22 00:00:00',117000,493),('086280','2020-07-21 00:00:00',122000,494),('086280','2020-07-20 00:00:00',125500,495),('086280','2020-07-17 00:00:00',114000,496),('086280','2020-07-16 00:00:00',110500,497),('086280','2020-07-15 00:00:00',110500,498),('086280','2020-07-14 00:00:00',108500,499),('086280','2020-07-13 00:00:00',108000,500),('009830','2020-07-24 00:00:00',25950,501),('009830','2020-07-23 00:00:00',26250,502),('009830','2020-07-22 00:00:00',26400,503),('009830','2020-07-21 00:00:00',27100,504),('009830','2020-07-20 00:00:00',25550,505),('009830','2020-07-17 00:00:00',23900,506),('009830','2020-07-16 00:00:00',23700,507),('009830','2020-07-15 00:00:00',24000,508),('009830','2020-07-14 00:00:00',22800,509),('009830','2020-07-13 00:00:00',24300,510),('000720','2020-07-24 00:00:00',35350,511),('000720','2020-07-23 00:00:00',34800,512),('000720','2020-07-22 00:00:00',35600,513),('000720','2020-07-21 00:00:00',35300,514),('000720','2020-07-20 00:00:00',35700,515),('000720','2020-07-17 00:00:00',34950,516),('000720','2020-07-16 00:00:00',35350,517),('000720','2020-07-15 00:00:00',34700,518),('000720','2020-07-14 00:00:00',34100,519),('000720','2020-07-13 00:00:00',34400,520),('000100','2020-07-24 00:00:00',56500,521),('000100','2020-07-23 00:00:00',53300,522),('000100','2020-07-22 00:00:00',52500,523),('000100','2020-07-21 00:00:00',51600,524),('000100','2020-07-20 00:00:00',51000,525),('000100','2020-07-17 00:00:00',50800,526),('000100','2020-07-16 00:00:00',51100,527),('000100','2020-07-15 00:00:00',51400,528),('000100','2020-07-14 00:00:00',51800,529),('000100','2020-07-13 00:00:00',51300,530),('011070','2020-07-24 00:00:00',156000,531),('011070','2020-07-23 00:00:00',160500,532),('011070','2020-07-22 00:00:00',164500,533),('011070','2020-07-21 00:00:00',171000,534),('011070','2020-07-20 00:00:00',161000,535),('011070','2020-07-17 00:00:00',165000,536),('011070','2020-07-16 00:00:00',163500,537),('011070','2020-07-15 00:00:00',169000,538),('011070','2020-07-14 00:00:00',174000,539),('011070','2020-07-13 00:00:00',173500,540),('267250','2020-07-24 00:00:00',233000,541),('267250','2020-07-23 00:00:00',236000,542),('267250','2020-07-22 00:00:00',237000,543),('267250','2020-07-21 00:00:00',240000,544),('267250','2020-07-20 00:00:00',239500,545),('267250','2020-07-17 00:00:00',241000,546),('267250','2020-07-16 00:00:00',240000,547),('267250','2020-07-15 00:00:00',239000,548),('267250','2020-07-14 00:00:00',234000,549),('267250','2020-07-13 00:00:00',236000,550),('010140','2020-07-24 00:00:00',5620,551),('010140','2020-07-23 00:00:00',5700,552),('010140','2020-07-22 00:00:00',5780,553),('010140','2020-07-21 00:00:00',5970,554),('010140','2020-07-20 00:00:00',5640,555),('010140','2020-07-17 00:00:00',5690,556),('010140','2020-07-16 00:00:00',5760,557),('010140','2020-07-15 00:00:00',5750,558),('010140','2020-07-14 00:00:00',5610,559),('010140','2020-07-13 00:00:00',5690,560),('000120','2020-07-24 00:00:00',152500,561),('000120','2020-07-23 00:00:00',150500,562),('000120','2020-07-22 00:00:00',155000,563),('000120','2020-07-21 00:00:00',161500,564),('000120','2020-07-20 00:00:00',161500,565),('000120','2020-07-17 00:00:00',160000,566),('000120','2020-07-16 00:00:00',163000,567),('000120','2020-07-15 00:00:00',161000,568),('000120','2020-07-14 00:00:00',160500,569),('000120','2020-07-13 00:00:00',164000,570),('004020','2020-07-24 00:00:00',25450,571),('004020','2020-07-23 00:00:00',25750,572),('004020','2020-07-22 00:00:00',27150,573),('004020','2020-07-21 00:00:00',26700,574),('004020','2020-07-20 00:00:00',26300,575),('004020','2020-07-17 00:00:00',23900,576),('004020','2020-07-16 00:00:00',23600,577),('004020','2020-07-15 00:00:00',22400,578),('004020','2020-07-14 00:00:00',20750,579),('004020','2020-07-13 00:00:00',21050,580),('004990','2020-07-24 00:00:00',31750,581),('004990','2020-07-23 00:00:00',33000,582),('004990','2020-07-22 00:00:00',31300,583),('004990','2020-07-21 00:00:00',31800,584),('004990','2020-07-20 00:00:00',31550,585),('004990','2020-07-17 00:00:00',31300,586),('004990','2020-07-16 00:00:00',31450,587),('004990','2020-07-15 00:00:00',31350,588),('004990','2020-07-14 00:00:00',30850,589),('004990','2020-07-13 00:00:00',30650,590),('285130','2020-07-24 00:00:00',280500,591),('285130','2020-07-23 00:00:00',238500,592),('285130','2020-07-22 00:00:00',232000,593),('285130','2020-07-21 00:00:00',178500,594),('285130','2020-07-20 00:00:00',178000,595),('285130','2020-07-17 00:00:00',164000,596),('285130','2020-07-16 00:00:00',161000,597),('285130','2020-07-15 00:00:00',150000,598),('285130','2020-07-14 00:00:00',155500,599),('285130','2020-07-13 00:00:00',140500,600),('078930','2020-07-24 00:00:00',35350,601),('078930','2020-07-23 00:00:00',35700,602),('078930','2020-07-22 00:00:00',36100,603),('078930','2020-07-21 00:00:00',35900,604),('078930','2020-07-20 00:00:00',35600,605),('078930','2020-07-17 00:00:00',36000,606),('078930','2020-07-16 00:00:00',35900,607),('078930','2020-07-15 00:00:00',35750,608),('078930','2020-07-14 00:00:00',35800,609),('078930','2020-07-13 00:00:00',35850,610),('029780','2020-07-24 00:00:00',28100,611),('029780','2020-07-23 00:00:00',28300,612),('029780','2020-07-22 00:00:00',28550,613),('029780','2020-07-21 00:00:00',28350,614),('029780','2020-07-20 00:00:00',28550,615),('029780','2020-07-17 00:00:00',28750,616),('029780','2020-07-16 00:00:00',28750,617),('029780','2020-07-15 00:00:00',28700,618),('029780','2020-07-14 00:00:00',28800,619),('029780','2020-07-13 00:00:00',28300,620),('005830','2020-07-24 00:00:00',45800,621),('005830','2020-07-23 00:00:00',45900,622),('005830','2020-07-22 00:00:00',46950,623),('005830','2020-07-21 00:00:00',47000,624),('005830','2020-07-20 00:00:00',46450,625),('005830','2020-07-17 00:00:00',47950,626),('005830','2020-07-16 00:00:00',49150,627),('005830','2020-07-15 00:00:00',47950,628),('005830','2020-07-14 00:00:00',47900,629),('005830','2020-07-13 00:00:00',46900,630),('012750','2020-07-24 00:00:00',85000,631),('012750','2020-07-23 00:00:00',85000,632),('012750','2020-07-22 00:00:00',85700,633),('012750','2020-07-21 00:00:00',85900,634),('012750','2020-07-20 00:00:00',88200,635),('012750','2020-07-17 00:00:00',87700,636),('012750','2020-07-16 00:00:00',87500,637),('012750','2020-07-15 00:00:00',86700,638),('012750','2020-07-14 00:00:00',85900,639),('012750','2020-07-13 00:00:00',85100,640),('161390','2020-07-24 00:00:00',25650,641),('161390','2020-07-23 00:00:00',25550,642),('161390','2020-07-22 00:00:00',25200,643),('161390','2020-07-21 00:00:00',25150,644),('161390','2020-07-20 00:00:00',25200,645),('161390','2020-07-17 00:00:00',25700,646),('161390','2020-07-16 00:00:00',25350,647),('161390','2020-07-15 00:00:00',24900,648),('161390','2020-07-14 00:00:00',25050,649),('161390','2020-07-13 00:00:00',25150,650),('139480','2020-07-24 00:00:00',110500,651),('139480','2020-07-23 00:00:00',113500,652),('139480','2020-07-22 00:00:00',116500,653),('139480','2020-07-21 00:00:00',118000,654),('139480','2020-07-20 00:00:00',113000,655),('139480','2020-07-17 00:00:00',113000,656),('139480','2020-07-16 00:00:00',114500,657),('139480','2020-07-15 00:00:00',113500,658),('139480','2020-07-14 00:00:00',114500,659),('139480','2020-07-13 00:00:00',113500,660),('000210','2020-07-24 00:00:00',86500,661),('000210','2020-07-23 00:00:00',87100,662),('000210','2020-07-22 00:00:00',89500,663),('000210','2020-07-21 00:00:00',90000,664),('000210','2020-07-20 00:00:00',91800,665),('000210','2020-07-17 00:00:00',88900,666),('000210','2020-07-16 00:00:00',89400,667),('000210','2020-07-15 00:00:00',87000,668),('000210','2020-07-14 00:00:00',86100,669),('000210','2020-07-13 00:00:00',84900,670),('128940','2020-07-24 00:00:00',250000,671),('128940','2020-07-23 00:00:00',251500,672),('128940','2020-07-22 00:00:00',245000,673),('128940','2020-07-21 00:00:00',246000,674),('128940','2020-07-20 00:00:00',248500,675),('128940','2020-07-17 00:00:00',249000,676),('128940','2020-07-16 00:00:00',251000,677),('128940','2020-07-15 00:00:00',237500,678),('128940','2020-07-14 00:00:00',238500,679),('128940','2020-07-13 00:00:00',237000,680),('000080','2020-07-24 00:00:00',41600,681),('000080','2020-07-23 00:00:00',42300,682),('000080','2020-07-22 00:00:00',42900,683),('000080','2020-07-21 00:00:00',42400,684),('000080','2020-07-20 00:00:00',41200,685),('000080','2020-07-17 00:00:00',42300,686),('000080','2020-07-16 00:00:00',42350,687),('000080','2020-07-15 00:00:00',43350,688),('000080','2020-07-14 00:00:00',43650,689),('000080','2020-07-13 00:00:00',44100,690),('071050','2020-07-24 00:00:00',50200,691),('071050','2020-07-23 00:00:00',51300,692),('071050','2020-07-22 00:00:00',51300,693),('071050','2020-07-21 00:00:00',50500,694),('071050','2020-07-20 00:00:00',48300,695),('071050','2020-07-17 00:00:00',48650,696),('071050','2020-07-16 00:00:00',47750,697),('071050','2020-07-15 00:00:00',46000,698),('071050','2020-07-14 00:00:00',44800,699),('071050','2020-07-13 00:00:00',45000,700),('241560','2020-07-24 00:00:00',27500,701),('241560','2020-07-23 00:00:00',27200,702),('241560','2020-07-22 00:00:00',26800,703),('241560','2020-07-21 00:00:00',27600,704),('241560','2020-07-20 00:00:00',25600,705),('241560','2020-07-17 00:00:00',25550,706),('241560','2020-07-16 00:00:00',25450,707),('241560','2020-07-15 00:00:00',25600,708),('241560','2020-07-14 00:00:00',25650,709),('241560','2020-07-13 00:00:00',26400,710),('008770','2020-07-24 00:00:00',70100,711),('008770','2020-07-23 00:00:00',70400,712),('008770','2020-07-22 00:00:00',70800,713),('008770','2020-07-21 00:00:00',72000,714),('008770','2020-07-20 00:00:00',70300,715),('008770','2020-07-17 00:00:00',71300,716),('008770','2020-07-16 00:00:00',72000,717),('008770','2020-07-15 00:00:00',70500,718),('008770','2020-07-14 00:00:00',68800,719),('008770','2020-07-13 00:00:00',69400,720),('011780','2020-07-24 00:00:00',89300,721),('011780','2020-07-23 00:00:00',89000,722),('011780','2020-07-22 00:00:00',89400,723),('011780','2020-07-21 00:00:00',89100,724),('011780','2020-07-20 00:00:00',89300,725),('011780','2020-07-17 00:00:00',87500,726),('011780','2020-07-16 00:00:00',89000,727),('011780','2020-07-15 00:00:00',88300,728),('011780','2020-07-14 00:00:00',83700,729),('011780','2020-07-13 00:00:00',79300,730),('007070','2020-07-24 00:00:00',35250,731),('007070','2020-07-23 00:00:00',35250,732),('007070','2020-07-22 00:00:00',36000,733),('007070','2020-07-21 00:00:00',36250,734),('007070','2020-07-20 00:00:00',36650,735),('007070','2020-07-17 00:00:00',36700,736),('007070','2020-07-16 00:00:00',36850,737),('007070','2020-07-15 00:00:00',36800,738),('007070','2020-07-14 00:00:00',37100,739),('007070','2020-07-13 00:00:00',36900,740),('006280','2020-07-24 00:00:00',226000,741),('006280','2020-07-23 00:00:00',233500,742),('006280','2020-07-22 00:00:00',233000,743),('006280','2020-07-21 00:00:00',210000,744),('006280','2020-07-20 00:00:00',218500,745),('006280','2020-07-17 00:00:00',187000,746),('006280','2020-07-16 00:00:00',182000,747),('006280','2020-07-15 00:00:00',182000,748),('006280','2020-07-14 00:00:00',200000,749),('006280','2020-07-13 00:00:00',195500,750),('011790','2020-07-24 00:00:00',69200,751),('011790','2020-07-23 00:00:00',70500,752),('011790','2020-07-22 00:00:00',67400,753),('011790','2020-07-21 00:00:00',68200,754),('011790','2020-07-20 00:00:00',67000,755),('011790','2020-07-17 00:00:00',67600,756),('011790','2020-07-16 00:00:00',67700,757),('011790','2020-07-15 00:00:00',68800,758),('011790','2020-07-14 00:00:00',69600,759),('011790','2020-07-13 00:00:00',71400,760),('003000','2020-07-24 00:00:00',39950,761),('003000','2020-07-23 00:00:00',41550,762),('003000','2020-07-22 00:00:00',37750,763),('003000','2020-07-21 00:00:00',41000,764),('003000','2020-07-20 00:00:00',38800,765),('003000','2020-07-17 00:00:00',34750,766),('003000','2020-07-16 00:00:00',33900,767),('003000','2020-07-15 00:00:00',35550,768),('003000','2020-07-14 00:00:00',37250,769),('003000','2020-07-13 00:00:00',36500,770),('016360','2020-07-24 00:00:00',28800,771),('016360','2020-07-23 00:00:00',29000,772),('016360','2020-07-22 00:00:00',29600,773),('016360','2020-07-21 00:00:00',29900,774),('016360','2020-07-20 00:00:00',29050,775),('016360','2020-07-17 00:00:00',29250,776),('016360','2020-07-16 00:00:00',28700,777),('016360','2020-07-15 00:00:00',28350,778),('016360','2020-07-14 00:00:00',28000,779),('016360','2020-07-13 00:00:00',27800,780),('042660','2020-07-24 00:00:00',23650,781),('042660','2020-07-23 00:00:00',24050,782),('042660','2020-07-22 00:00:00',24150,783),('042660','2020-07-21 00:00:00',24350,784),('042660','2020-07-20 00:00:00',23250,785),('042660','2020-07-17 00:00:00',23450,786),('042660','2020-07-16 00:00:00',23900,787),('042660','2020-07-15 00:00:00',23750,788),('042660','2020-07-14 00:00:00',23000,789),('042660','2020-07-13 00:00:00',23300,790),('001040','2020-07-24 00:00:00',85200,791),('001040','2020-07-23 00:00:00',85000,792),('001040','2020-07-22 00:00:00',86500,793),('001040','2020-07-21 00:00:00',87200,794),('001040','2020-07-20 00:00:00',88000,795),('001040','2020-07-17 00:00:00',87800,796),('001040','2020-07-16 00:00:00',88200,797),('001040','2020-07-15 00:00:00',88900,798),('001040','2020-07-14 00:00:00',88900,799),('001040','2020-07-13 00:00:00',88700,800),('003410','2020-07-24 00:00:00',4895,801),('003410','2020-07-23 00:00:00',4895,802),('003410','2020-07-22 00:00:00',4945,803),('003410','2020-07-21 00:00:00',4950,804),('003410','2020-07-20 00:00:00',4945,805),('003410','2020-07-17 00:00:00',4960,806),('003410','2020-07-16 00:00:00',4940,807),('003410','2020-07-15 00:00:00',4960,808),('003410','2020-07-14 00:00:00',4940,809),('003410','2020-07-13 00:00:00',4960,810),('009240','2020-07-24 00:00:00',104000,811),('009240','2020-07-23 00:00:00',107500,812),('009240','2020-07-22 00:00:00',106000,813),('009240','2020-07-21 00:00:00',110500,814),('009240','2020-07-20 00:00:00',110000,815),('009240','2020-07-17 00:00:00',110500,816),('009240','2020-07-16 00:00:00',111000,817),('009240','2020-07-15 00:00:00',113500,818),('009240','2020-07-14 00:00:00',117500,819),('009240','2020-07-13 00:00:00',112500,820),('005940','2020-07-24 00:00:00',8630,821),('005940','2020-07-23 00:00:00',8800,822),('005940','2020-07-22 00:00:00',9020,823),('005940','2020-07-21 00:00:00',8890,824),('005940','2020-07-20 00:00:00',8780,825),('005940','2020-07-17 00:00:00',8870,826),('005940','2020-07-16 00:00:00',8750,827),('005940','2020-07-15 00:00:00',8580,828),('005940','2020-07-14 00:00:00',8520,829),('005940','2020-07-13 00:00:00',8610,830),('047810','2020-07-24 00:00:00',24550,831),('047810','2020-07-23 00:00:00',25050,832),('047810','2020-07-22 00:00:00',25050,833),('047810','2020-07-21 00:00:00',24700,834),('047810','2020-07-20 00:00:00',24400,835),('047810','2020-07-17 00:00:00',24450,836),('047810','2020-07-16 00:00:00',24700,837),('047810','2020-07-15 00:00:00',24350,838),('047810','2020-07-14 00:00:00',24100,839),('047810','2020-07-13 00:00:00',24000,840),('028050','2020-07-24 00:00:00',12100,841),('028050','2020-07-23 00:00:00',12300,842),('028050','2020-07-22 00:00:00',12450,843),('028050','2020-07-21 00:00:00',12550,844),('028050','2020-07-20 00:00:00',12250,845),('028050','2020-07-17 00:00:00',12300,846),('028050','2020-07-16 00:00:00',12400,847),('028050','2020-07-15 00:00:00',12650,848),('028050','2020-07-14 00:00:00',12000,849),('028050','2020-07-13 00:00:00',12200,850),('036460','2020-07-24 00:00:00',25500,851),('036460','2020-07-23 00:00:00',25500,852),('036460','2020-07-22 00:00:00',25800,853),('036460','2020-07-21 00:00:00',25750,854),('036460','2020-07-20 00:00:00',25950,855),('036460','2020-07-17 00:00:00',26100,856),('036460','2020-07-16 00:00:00',26150,857),('036460','2020-07-15 00:00:00',26300,858),('036460','2020-07-14 00:00:00',26050,859),('036460','2020-07-13 00:00:00',26200,860),('008930','2020-07-24 00:00:00',35150,861),('008930','2020-07-23 00:00:00',35250,862),('008930','2020-07-22 00:00:00',34600,863),('008930','2020-07-21 00:00:00',34950,864),('008930','2020-07-20 00:00:00',35000,865),('008930','2020-07-17 00:00:00',35400,866),('008930','2020-07-16 00:00:00',35700,867),('008930','2020-07-15 00:00:00',34400,868),('008930','2020-07-14 00:00:00',34600,869),('008930','2020-07-13 00:00:00',34200,870),('020150','2020-07-24 00:00:00',49700,871),('020150','2020-07-23 00:00:00',50800,872),('020150','2020-07-22 00:00:00',49850,873),('020150','2020-07-21 00:00:00',50300,874),('020150','2020-07-20 00:00:00',50000,875),('020150','2020-07-17 00:00:00',50500,876),('020150','2020-07-16 00:00:00',50900,877),('020150','2020-07-15 00:00:00',51500,878),('020150','2020-07-14 00:00:00',51200,879),('020150','2020-07-13 00:00:00',52600,880),('004370','2020-07-24 00:00:00',367000,881),('004370','2020-07-23 00:00:00',367500,882),('004370','2020-07-22 00:00:00',368000,883),('004370','2020-07-21 00:00:00',371000,884),('004370','2020-07-20 00:00:00',374000,885),('004370','2020-07-17 00:00:00',370500,886),('004370','2020-07-16 00:00:00',376500,887),('004370','2020-07-15 00:00:00',383500,888),('004370','2020-07-14 00:00:00',391500,889),('004370','2020-07-13 00:00:00',387000,890),('282330','2020-07-24 00:00:00',128000,891),('282330','2020-07-23 00:00:00',127000,892),('282330','2020-07-22 00:00:00',128500,893),('282330','2020-07-21 00:00:00',127000,894),('282330','2020-07-20 00:00:00',127500,895),('282330','2020-07-17 00:00:00',129000,896),('282330','2020-07-16 00:00:00',128000,897),('282330','2020-07-15 00:00:00',129000,898),('282330','2020-07-14 00:00:00',126500,899),('282330','2020-07-13 00:00:00',128500,900),('023530','2020-07-24 00:00:00',78200,901),('023530','2020-07-23 00:00:00',79400,902),('023530','2020-07-22 00:00:00',80300,903),('023530','2020-07-21 00:00:00',81100,904),('023530','2020-07-20 00:00:00',80000,905),('023530','2020-07-17 00:00:00',80600,906),('023530','2020-07-16 00:00:00',81700,907),('023530','2020-07-15 00:00:00',80700,908),('023530','2020-07-14 00:00:00',80000,909),('023530','2020-07-13 00:00:00',81200,910),('006360','2020-07-24 00:00:00',26800,911),('006360','2020-07-23 00:00:00',27000,912),('006360','2020-07-22 00:00:00',27700,913),('006360','2020-07-21 00:00:00',27250,914),('006360','2020-07-20 00:00:00',27500,915),('006360','2020-07-17 00:00:00',27250,916),('006360','2020-07-16 00:00:00',27850,917),('006360','2020-07-15 00:00:00',27150,918),('006360','2020-07-14 00:00:00',26100,919),('006360','2020-07-13 00:00:00',26150,920),('008560','2020-07-24 00:00:00',3145,921),('008560','2020-07-23 00:00:00',3185,922),('008560','2020-07-22 00:00:00',3290,923),('008560','2020-07-21 00:00:00',3305,924),('008560','2020-07-20 00:00:00',3250,925),('008560','2020-07-17 00:00:00',3285,926),('008560','2020-07-16 00:00:00',3185,927),('008560','2020-07-15 00:00:00',3150,928),('008560','2020-07-14 00:00:00',3115,929),('008560','2020-07-13 00:00:00',3080,930),('001450','2020-07-24 00:00:00',23150,931),('001450','2020-07-23 00:00:00',23150,932),('001450','2020-07-22 00:00:00',23600,933),('001450','2020-07-21 00:00:00',23400,934),('001450','2020-07-20 00:00:00',23850,935),('001450','2020-07-17 00:00:00',23850,936),('001450','2020-07-16 00:00:00',23600,937),('001450','2020-07-15 00:00:00',22700,938),('001450','2020-07-14 00:00:00',22450,939),('001450','2020-07-13 00:00:00',22250,940),('034020','2020-07-24 00:00:00',8170,941),('034020','2020-07-23 00:00:00',8610,942),('034020','2020-07-22 00:00:00',8580,943),('034020','2020-07-21 00:00:00',7150,944),('034020','2020-07-20 00:00:00',5500,945),('034020','2020-07-17 00:00:00',4915,946),('034020','2020-07-16 00:00:00',4920,947),('034020','2020-07-15 00:00:00',4780,948),('034020','2020-07-14 00:00:00',4640,949),('034020','2020-07-13 00:00:00',4600,950),('081660','2020-07-24 00:00:00',33800,951),('081660','2020-07-23 00:00:00',33900,952),('081660','2020-07-22 00:00:00',35100,953),('081660','2020-07-21 00:00:00',35500,954),('081660','2020-07-20 00:00:00',35800,955),('081660','2020-07-17 00:00:00',36250,956),('081660','2020-07-16 00:00:00',36450,957),('081660','2020-07-15 00:00:00',36550,958),('081660','2020-07-14 00:00:00',35450,959),('081660','2020-07-13 00:00:00',35600,960),('004170','2020-07-24 00:00:00',208000,961),('004170','2020-07-23 00:00:00',209500,962),('004170','2020-07-22 00:00:00',213500,963),('004170','2020-07-21 00:00:00',216000,964),('004170','2020-07-20 00:00:00',214500,965),('004170','2020-07-17 00:00:00',215500,966),('004170','2020-07-16 00:00:00',217000,967),('004170','2020-07-15 00:00:00',210000,968),('004170','2020-07-14 00:00:00',208500,969),('004170','2020-07-13 00:00:00',210000,970),('030000','2020-07-24 00:00:00',17300,971),('030000','2020-07-23 00:00:00',17650,972),('030000','2020-07-22 00:00:00',17700,973),('030000','2020-07-21 00:00:00',18050,974),('030000','2020-07-20 00:00:00',18150,975),('030000','2020-07-17 00:00:00',17950,976),('030000','2020-07-16 00:00:00',17850,977),('030000','2020-07-15 00:00:00',17750,978),('030000','2020-07-14 00:00:00',17200,979),('030000','2020-07-13 00:00:00',17050,980),('007310','2020-07-24 00:00:00',552000,981),('007310','2020-07-23 00:00:00',558000,982),('007310','2020-07-22 00:00:00',561000,983),('007310','2020-07-21 00:00:00',561000,984),('007310','2020-07-20 00:00:00',563000,985),('007310','2020-07-17 00:00:00',567000,986),('007310','2020-07-16 00:00:00',571000,987),('007310','2020-07-15 00:00:00',575000,988),('007310','2020-07-14 00:00:00',565000,989),('007310','2020-07-13 00:00:00',569000,990),('026960','2020-07-24 00:00:00',19200,991),('026960','2020-07-23 00:00:00',19050,992),('026960','2020-07-22 00:00:00',18650,993),('026960','2020-07-21 00:00:00',18900,994),('026960','2020-07-20 00:00:00',18300,995),('026960','2020-07-17 00:00:00',17850,996),('026960','2020-07-16 00:00:00',17500,997),('026960','2020-07-15 00:00:00',16150,998),('026960','2020-07-14 00:00:00',16250,999),('026960','2020-07-13 00:00:00',16000,1000),('028670','2020-07-24 00:00:00',3580,1001),('028670','2020-07-23 00:00:00',3615,1002),('028670','2020-07-22 00:00:00',3680,1003),('028670','2020-07-21 00:00:00',3695,1004),('028670','2020-07-20 00:00:00',3630,1005),('028670','2020-07-17 00:00:00',3705,1006),('028670','2020-07-16 00:00:00',3740,1007),('028670','2020-07-15 00:00:00',3750,1008),('028670','2020-07-14 00:00:00',3725,1009),('028670','2020-07-13 00:00:00',3715,1010),('007570','2020-07-24 00:00:00',95600,1011),('007570','2020-07-23 00:00:00',94000,1012),('007570','2020-07-22 00:00:00',96700,1013),('007570','2020-07-21 00:00:00',97600,1014),('007570','2020-07-20 00:00:00',82900,1015),('007570','2020-07-17 00:00:00',69200,1016),('007570','2020-07-16 00:00:00',60800,1017),('007570','2020-07-15 00:00:00',63000,1018),('007570','2020-07-14 00:00:00',64800,1019),('007570','2020-07-13 00:00:00',64200,1020),('010120','2020-07-24 00:00:00',60300,1021),('010120','2020-07-23 00:00:00',61600,1022),('010120','2020-07-22 00:00:00',58800,1023),('010120','2020-07-21 00:00:00',55600,1024),('010120','2020-07-20 00:00:00',54400,1025),('010120','2020-07-17 00:00:00',52800,1026),('010120','2020-07-16 00:00:00',53100,1027),('010120','2020-07-15 00:00:00',54300,1028),('010120','2020-07-14 00:00:00',52800,1029),('010120','2020-07-13 00:00:00',52400,1030),('017800','2020-07-24 00:00:00',46000,1031),('017800','2020-07-23 00:00:00',46500,1032),('017800','2020-07-22 00:00:00',48100,1033),('017800','2020-07-21 00:00:00',50000,1034),('017800','2020-07-20 00:00:00',49000,1035),('017800','2020-07-17 00:00:00',49200,1036),('017800','2020-07-16 00:00:00',49100,1037),('017800','2020-07-15 00:00:00',49550,1038),('017800','2020-07-14 00:00:00',48800,1039),('017800','2020-07-13 00:00:00',49600,1040),('047050','2020-07-24 00:00:00',14200,1041),('047050','2020-07-23 00:00:00',14300,1042),('047050','2020-07-22 00:00:00',14600,1043),('047050','2020-07-21 00:00:00',14300,1044),('047050','2020-07-20 00:00:00',14250,1045),('047050','2020-07-17 00:00:00',14100,1046),('047050','2020-07-16 00:00:00',14150,1047),('047050','2020-07-15 00:00:00',14350,1048),('047050','2020-07-14 00:00:00',13900,1049),('047050','2020-07-13 00:00:00',14100,1050),('003490','2020-07-24 00:00:00',18400,1051),('003490','2020-07-23 00:00:00',18600,1052),('003490','2020-07-22 00:00:00',19100,1053),('003490','2020-07-21 00:00:00',19450,1054),('003490','2020-07-20 00:00:00',18050,1055),('003490','2020-07-17 00:00:00',18100,1056),('003490','2020-07-16 00:00:00',18200,1057),('003490','2020-07-15 00:00:00',17500,1058),('003490','2020-07-14 00:00:00',17000,1059),('003490','2020-07-13 00:00:00',16850,1060),('000880','2020-07-24 00:00:00',22850,1061),('000880','2020-07-23 00:00:00',23250,1062),('000880','2020-07-22 00:00:00',23850,1063),('000880','2020-07-21 00:00:00',24000,1064),('000880','2020-07-20 00:00:00',23550,1065),('000880','2020-07-17 00:00:00',23650,1066),('000880','2020-07-16 00:00:00',23550,1067),('000880','2020-07-15 00:00:00',24150,1068),('000880','2020-07-14 00:00:00',23550,1069),('000880','2020-07-13 00:00:00',23350,1070),('011200','2020-07-24 00:00:00',5170,1071),('011200','2020-07-23 00:00:00',5200,1072),('011200','2020-07-22 00:00:00',5190,1073),('011200','2020-07-21 00:00:00',5220,1074),('011200','2020-07-20 00:00:00',4995,1075),('011200','2020-07-17 00:00:00',5020,1076),('011200','2020-07-16 00:00:00',5000,1077),('011200','2020-07-15 00:00:00',4995,1078),('011200','2020-07-14 00:00:00',4970,1079),('011200','2020-07-13 00:00:00',4815,1080),('009420','2020-07-24 00:00:00',31950,1081),('009420','2020-07-23 00:00:00',30000,1082),('009420','2020-07-22 00:00:00',30150,1083),('009420','2020-07-21 00:00:00',29500,1084),('009420','2020-07-20 00:00:00',29800,1085),('009420','2020-07-17 00:00:00',29400,1086),('009420','2020-07-16 00:00:00',27500,1087),('009420','2020-07-15 00:00:00',28450,1088),('009420','2020-07-14 00:00:00',27950,1089),('009420','2020-07-13 00:00:00',26550,1090),('014680','2020-07-24 00:00:00',147500,1091),('014680','2020-07-23 00:00:00',154500,1092),('014680','2020-07-22 00:00:00',154000,1093),('014680','2020-07-21 00:00:00',153000,1094),('014680','2020-07-20 00:00:00',144000,1095),('014680','2020-07-17 00:00:00',149000,1096),('014680','2020-07-16 00:00:00',154000,1097),('014680','2020-07-15 00:00:00',148500,1098),('014680','2020-07-14 00:00:00',141500,1099),('014680','2020-07-13 00:00:00',141500,1100),('138930','2020-07-24 00:00:00',5080,1101),('138930','2020-07-23 00:00:00',5140,1102),('138930','2020-07-22 00:00:00',5170,1103),('138930','2020-07-21 00:00:00',5210,1104),('138930','2020-07-20 00:00:00',5190,1105),('138930','2020-07-17 00:00:00',5180,1106),('138930','2020-07-16 00:00:00',5210,1107),('138930','2020-07-15 00:00:00',5160,1108),('138930','2020-07-14 00:00:00',5130,1109),('138930','2020-07-13 00:00:00',5130,1110),('003520','2020-07-24 00:00:00',8410,1111),('003520','2020-07-23 00:00:00',6470,1112),('003520','2020-07-22 00:00:00',5990,1113),('003520','2020-07-21 00:00:00',5740,1114),('003520','2020-07-20 00:00:00',5530,1115),('003520','2020-07-17 00:00:00',5440,1116),('003520','2020-07-16 00:00:00',5440,1117),('003520','2020-07-15 00:00:00',5520,1118),('003520','2020-07-14 00:00:00',5540,1119),('003520','2020-07-13 00:00:00',5390,1120),('042670','2020-07-24 00:00:00',7230,1121),('042670','2020-07-23 00:00:00',7140,1122),('042670','2020-07-22 00:00:00',7220,1123),('042670','2020-07-21 00:00:00',7960,1124),('042670','2020-07-20 00:00:00',6350,1125),('042670','2020-07-17 00:00:00',6180,1126),('042670','2020-07-16 00:00:00',6220,1127),('042670','2020-07-15 00:00:00',6320,1128),('042670','2020-07-14 00:00:00',6190,1129),('042670','2020-07-13 00:00:00',6300,1130),('185750','2020-07-24 00:00:00',139000,1131),('185750','2020-07-23 00:00:00',135500,1132),('185750','2020-07-22 00:00:00',127500,1133),('185750','2020-07-21 00:00:00',129000,1134),('185750','2020-07-20 00:00:00',125000,1135),('185750','2020-07-17 00:00:00',121500,1136),('185750','2020-07-16 00:00:00',120000,1137),('185750','2020-07-15 00:00:00',125500,1138),('185750','2020-07-14 00:00:00',127000,1139),('185750','2020-07-13 00:00:00',129500,1140),('004800','2020-07-24 00:00:00',68700,1141),('004800','2020-07-23 00:00:00',66000,1142),('004800','2020-07-22 00:00:00',67100,1143),('004800','2020-07-21 00:00:00',66100,1144),('004800','2020-07-20 00:00:00',65600,1145),('004800','2020-07-17 00:00:00',66100,1146),('004800','2020-07-16 00:00:00',66000,1147),('004800','2020-07-15 00:00:00',65300,1148),('004800','2020-07-14 00:00:00',62100,1149),('004800','2020-07-13 00:00:00',62500,1150),('294870','2020-07-24 00:00:00',21900,1151),('294870','2020-07-23 00:00:00',22100,1152),('294870','2020-07-22 00:00:00',21900,1153),('294870','2020-07-21 00:00:00',21450,1154),('294870','2020-07-20 00:00:00',21200,1155),('294870','2020-07-17 00:00:00',21100,1156),('294870','2020-07-16 00:00:00',21350,1157),('294870','2020-07-15 00:00:00',21050,1158),('294870','2020-07-14 00:00:00',20650,1159),('294870','2020-07-13 00:00:00',20800,1160),('047040','2020-07-24 00:00:00',3450,1161),('047040','2020-07-23 00:00:00',3490,1162),('047040','2020-07-22 00:00:00',3530,1163),('047040','2020-07-21 00:00:00',3570,1164),('047040','2020-07-20 00:00:00',3645,1165),('047040','2020-07-17 00:00:00',3615,1166),('047040','2020-07-16 00:00:00',3665,1167),('047040','2020-07-15 00:00:00',3600,1168),('047040','2020-07-14 00:00:00',3485,1169),('047040','2020-07-13 00:00:00',3515,1170),('192080','2020-07-24 00:00:00',77300,1171),('192080','2020-07-23 00:00:00',73200,1172),('192080','2020-07-22 00:00:00',76300,1173),('192080','2020-07-21 00:00:00',77200,1174),('192080','2020-07-20 00:00:00',74800,1175),('192080','2020-07-17 00:00:00',75200,1176),('192080','2020-07-16 00:00:00',75300,1177),('192080','2020-07-15 00:00:00',79100,1178),('192080','2020-07-14 00:00:00',80200,1179),('192080','2020-07-13 00:00:00',80600,1180),('069960','2020-07-24 00:00:00',59800,1181),('069960','2020-07-23 00:00:00',59700,1182),('069960','2020-07-22 00:00:00',60800,1183),('069960','2020-07-21 00:00:00',60800,1184),('069960','2020-07-20 00:00:00',60400,1185),('069960','2020-07-17 00:00:00',60500,1186),('069960','2020-07-16 00:00:00',61200,1187),('069960','2020-07-15 00:00:00',59800,1188),('069960','2020-07-14 00:00:00',59900,1189),('069960','2020-07-13 00:00:00',59500,1190),('010780','2020-07-24 00:00:00',44850,1191),('010780','2020-07-23 00:00:00',42800,1192),('010780','2020-07-22 00:00:00',41250,1193),('010780','2020-07-21 00:00:00',38950,1194),('010780','2020-07-20 00:00:00',39000,1195),('010780','2020-07-17 00:00:00',39100,1196),('010780','2020-07-16 00:00:00',39250,1197),('010780','2020-07-15 00:00:00',38600,1198),('010780','2020-07-14 00:00:00',39200,1199),('010780','2020-07-13 00:00:00',39400,1200),('006260','2020-07-24 00:00:00',42450,1201),('006260','2020-07-23 00:00:00',43850,1202),('006260','2020-07-22 00:00:00',44650,1203),('006260','2020-07-21 00:00:00',40900,1204),('006260','2020-07-20 00:00:00',40000,1205),('006260','2020-07-17 00:00:00',38250,1206),('006260','2020-07-16 00:00:00',37050,1207),('006260','2020-07-15 00:00:00',38100,1208),('006260','2020-07-14 00:00:00',36450,1209),('006260','2020-07-13 00:00:00',36150,1210),('000990','2020-07-24 00:00:00',30150,1211),('000990','2020-07-23 00:00:00',30750,1212),('000990','2020-07-22 00:00:00',30400,1213),('000990','2020-07-21 00:00:00',30900,1214),('000990','2020-07-20 00:00:00',31350,1215),('000990','2020-07-17 00:00:00',31350,1216),('000990','2020-07-16 00:00:00',30900,1217),('000990','2020-07-15 00:00:00',31850,1218),('000990','2020-07-14 00:00:00',30750,1219),('000990','2020-07-13 00:00:00',30500,1220),('051600','2020-07-24 00:00:00',29700,1221),('051600','2020-07-23 00:00:00',29400,1222),('051600','2020-07-22 00:00:00',30050,1223),('051600','2020-07-21 00:00:00',30050,1224),('051600','2020-07-20 00:00:00',29900,1225),('051600','2020-07-17 00:00:00',29700,1226),('051600','2020-07-16 00:00:00',29900,1227),('051600','2020-07-15 00:00:00',29800,1228),('051600','2020-07-14 00:00:00',29900,1229),('051600','2020-07-13 00:00:00',29500,1230),('064350','2020-07-24 00:00:00',15700,1231),('064350','2020-07-23 00:00:00',15350,1232),('064350','2020-07-22 00:00:00',15700,1233),('064350','2020-07-21 00:00:00',15800,1234),('064350','2020-07-20 00:00:00',15600,1235),('064350','2020-07-17 00:00:00',15900,1236),('064350','2020-07-16 00:00:00',15600,1237),('064350','2020-07-15 00:00:00',15800,1238),('064350','2020-07-14 00:00:00',15900,1239),('064350','2020-07-13 00:00:00',16050,1240),('069620','2020-07-24 00:00:00',111500,1241),('069620','2020-07-23 00:00:00',110000,1242),('069620','2020-07-22 00:00:00',107000,1243),('069620','2020-07-21 00:00:00',107500,1244),('069620','2020-07-20 00:00:00',107500,1245),('069620','2020-07-17 00:00:00',106000,1246),('069620','2020-07-16 00:00:00',107000,1247),('069620','2020-07-15 00:00:00',109000,1248),('069620','2020-07-14 00:00:00',109000,1249),('069620','2020-07-13 00:00:00',107000,1250),('088350','2020-07-24 00:00:00',1475,1251),('088350','2020-07-23 00:00:00',1485,1252),('088350','2020-07-22 00:00:00',1550,1253),('088350','2020-07-21 00:00:00',1485,1254),('088350','2020-07-20 00:00:00',1470,1255),('088350','2020-07-17 00:00:00',1485,1256),('088350','2020-07-16 00:00:00',1515,1257),('088350','2020-07-15 00:00:00',1475,1258),('088350','2020-07-14 00:00:00',1435,1259),('088350','2020-07-13 00:00:00',1425,1260),('010060','2020-07-24 00:00:00',53500,1261),('010060','2020-07-23 00:00:00',56900,1262),('010060','2020-07-22 00:00:00',60200,1263),('010060','2020-07-21 00:00:00',59000,1264),('010060','2020-07-20 00:00:00',45400,1265),('010060','2020-07-17 00:00:00',43550,1266),('010060','2020-07-16 00:00:00',44950,1267),('010060','2020-07-15 00:00:00',44850,1268),('010060','2020-07-14 00:00:00',43850,1269),('010060','2020-07-13 00:00:00',46900,1270),('007700','2020-07-24 00:00:00',82200,1271),('007700','2020-07-23 00:00:00',83600,1272),('007700','2020-07-22 00:00:00',84300,1273),('007700','2020-07-21 00:00:00',84700,1274),('007700','2020-07-20 00:00:00',85400,1275),('007700','2020-07-17 00:00:00',85100,1276),('007700','2020-07-16 00:00:00',86800,1277),('007700','2020-07-15 00:00:00',85900,1278),('007700','2020-07-14 00:00:00',84800,1279),('007700','2020-07-13 00:00:00',87500,1280),('010620','2020-07-24 00:00:00',31650,1281),('010620','2020-07-23 00:00:00',32100,1282),('010620','2020-07-22 00:00:00',32300,1283),('010620','2020-07-21 00:00:00',33200,1284),('010620','2020-07-20 00:00:00',31700,1285),('010620','2020-07-17 00:00:00',31050,1286),('010620','2020-07-16 00:00:00',31750,1287),('010620','2020-07-15 00:00:00',31400,1288),('010620','2020-07-14 00:00:00',30550,1289),('010620','2020-07-13 00:00:00',31000,1290),('001740','2020-07-24 00:00:00',5060,1291),('001740','2020-07-23 00:00:00',5140,1292),('001740','2020-07-22 00:00:00',5190,1293),('001740','2020-07-21 00:00:00',5130,1294),('001740','2020-07-20 00:00:00',5090,1295),('001740','2020-07-17 00:00:00',5130,1296),('001740','2020-07-16 00:00:00',5090,1297),('001740','2020-07-15 00:00:00',5060,1298),('001740','2020-07-14 00:00:00',4890,1299),('001740','2020-07-13 00:00:00',4945,1300),('005250','2020-07-24 00:00:00',26650,1301),('005250','2020-07-23 00:00:00',26900,1302),('005250','2020-07-22 00:00:00',28100,1303),('005250','2020-07-21 00:00:00',26850,1304),('005250','2020-07-20 00:00:00',26650,1305),('005250','2020-07-17 00:00:00',24200,1306),('005250','2020-07-16 00:00:00',24250,1307),('005250','2020-07-15 00:00:00',24300,1308),('005250','2020-07-14 00:00:00',25150,1309),('005250','2020-07-13 00:00:00',25500,1310),('009410','2020-07-24 00:00:00',16250,1311),('009410','2020-07-23 00:00:00',16100,1312),('009410','2020-07-22 00:00:00',16400,1313),('009410','2020-07-21 00:00:00',16450,1314),('009410','2020-07-20 00:00:00',16900,1315),('009410','2020-07-17 00:00:00',16950,1316),('009410','2020-07-16 00:00:00',17100,1317),('009410','2020-07-15 00:00:00',17400,1318),('009410','2020-07-14 00:00:00',17100,1319),('009410','2020-07-13 00:00:00',16950,1320),('002380','2020-07-24 00:00:00',136500,1321),('002380','2020-07-23 00:00:00',138000,1322),('002380','2020-07-22 00:00:00',142500,1323),('002380','2020-07-21 00:00:00',142000,1324),('002380','2020-07-20 00:00:00',139000,1325),('002380','2020-07-17 00:00:00',141000,1326),('002380','2020-07-16 00:00:00',144500,1327),('002380','2020-07-15 00:00:00',140000,1328),('002380','2020-07-14 00:00:00',136000,1329),('002380','2020-07-13 00:00:00',136500,1330),('012450','2020-07-24 00:00:00',23900,1331),('012450','2020-07-23 00:00:00',24300,1332),('012450','2020-07-22 00:00:00',24600,1333),('012450','2020-07-21 00:00:00',24200,1334),('012450','2020-07-20 00:00:00',24000,1335),('012450','2020-07-17 00:00:00',23850,1336),('012450','2020-07-16 00:00:00',24100,1337),('012450','2020-07-15 00:00:00',24350,1338),('012450','2020-07-14 00:00:00',23950,1339),('012450','2020-07-13 00:00:00',23800,1340),('016380','2020-07-24 00:00:00',12050,1341),('016380','2020-07-23 00:00:00',12350,1342),('016380','2020-07-22 00:00:00',12600,1343),('016380','2020-07-21 00:00:00',12150,1344),('016380','2020-07-20 00:00:00',11750,1345),('016380','2020-07-17 00:00:00',12200,1346),('016380','2020-07-16 00:00:00',12300,1347),('016380','2020-07-15 00:00:00',12200,1348),('016380','2020-07-14 00:00:00',12250,1349),('016380','2020-07-13 00:00:00',12400,1350),('032350','2020-07-24 00:00:00',16450,1351),('032350','2020-07-23 00:00:00',17000,1352),('032350','2020-07-22 00:00:00',16700,1353),('032350','2020-07-21 00:00:00',15750,1354),('032350','2020-07-20 00:00:00',14550,1355),('032350','2020-07-17 00:00:00',14400,1356),('032350','2020-07-16 00:00:00',14150,1357),('032350','2020-07-15 00:00:00',14050,1358),('032350','2020-07-14 00:00:00',13850,1359),('032350','2020-07-13 00:00:00',13800,1360),('004000','2020-07-24 00:00:00',42900,1361),('004000','2020-07-23 00:00:00',43700,1362),('004000','2020-07-22 00:00:00',45050,1363),('004000','2020-07-21 00:00:00',45600,1364),('004000','2020-07-20 00:00:00',45850,1365),('004000','2020-07-17 00:00:00',45800,1366),('004000','2020-07-16 00:00:00',46050,1367),('004000','2020-07-15 00:00:00',46000,1368),('004000','2020-07-14 00:00:00',45800,1369),('004000','2020-07-13 00:00:00',46500,1370),('204320','2020-07-24 00:00:00',23400,1371),('204320','2020-07-23 00:00:00',24050,1372),('204320','2020-07-22 00:00:00',23750,1373),('204320','2020-07-21 00:00:00',24350,1374),('204320','2020-07-20 00:00:00',24250,1375),('204320','2020-07-17 00:00:00',24750,1376),('204320','2020-07-16 00:00:00',24350,1377),('204320','2020-07-15 00:00:00',24200,1378),('204320','2020-07-14 00:00:00',23400,1379),('204320','2020-07-13 00:00:00',23050,1380),('111770','2020-07-24 00:00:00',24600,1381),('111770','2020-07-23 00:00:00',24900,1382),('111770','2020-07-22 00:00:00',25300,1383),('111770','2020-07-21 00:00:00',25600,1384),('111770','2020-07-20 00:00:00',25150,1385),('111770','2020-07-17 00:00:00',25150,1386),('111770','2020-07-16 00:00:00',25400,1387),('111770','2020-07-15 00:00:00',26000,1388),('111770','2020-07-14 00:00:00',25350,1389),('111770','2020-07-13 00:00:00',25200,1390),('031430','2020-07-24 00:00:00',148500,1391),('031430','2020-07-23 00:00:00',149500,1392),('031430','2020-07-22 00:00:00',152000,1393),('031430','2020-07-21 00:00:00',157000,1394),('031430','2020-07-20 00:00:00',157000,1395),('031430','2020-07-17 00:00:00',155500,1396),('031430','2020-07-16 00:00:00',156000,1397),('031430','2020-07-15 00:00:00',157000,1398),('031430','2020-07-14 00:00:00',155000,1399),('031430','2020-07-13 00:00:00',151000,1400),('000240','2020-07-24 00:00:00',11300,1401),('000240','2020-07-23 00:00:00',11400,1402),('000240','2020-07-22 00:00:00',11800,1403),('000240','2020-07-21 00:00:00',11700,1404),('000240','2020-07-20 00:00:00',11650,1405),('000240','2020-07-17 00:00:00',12100,1406),('000240','2020-07-16 00:00:00',11900,1407),('000240','2020-07-15 00:00:00',12200,1408),('000240','2020-07-14 00:00:00',12500,1409),('000240','2020-07-13 00:00:00',12800,1410),('011210','2020-07-24 00:00:00',38150,1411),('011210','2020-07-23 00:00:00',38800,1412),('011210','2020-07-22 00:00:00',37950,1413),('011210','2020-07-21 00:00:00',39100,1414),('011210','2020-07-20 00:00:00',40300,1415),('011210','2020-07-17 00:00:00',40600,1416),('011210','2020-07-16 00:00:00',40150,1417),('011210','2020-07-15 00:00:00',40900,1418),('011210','2020-07-14 00:00:00',39900,1419),('011210','2020-07-13 00:00:00',40300,1420),('161890','2020-07-24 00:00:00',43950,1421),('161890','2020-07-23 00:00:00',44300,1422),('161890','2020-07-22 00:00:00',45650,1423),('161890','2020-07-21 00:00:00',47300,1424),('161890','2020-07-20 00:00:00',46150,1425),('161890','2020-07-17 00:00:00',45350,1426),('161890','2020-07-16 00:00:00',45700,1427),('161890','2020-07-15 00:00:00',44000,1428),('161890','2020-07-14 00:00:00',42850,1429),('161890','2020-07-13 00:00:00',42250,1430),('214320','2020-07-24 00:00:00',47450,1431),('214320','2020-07-23 00:00:00',47500,1432),('214320','2020-07-22 00:00:00',46850,1433),('214320','2020-07-21 00:00:00',48200,1434),('214320','2020-07-20 00:00:00',48750,1435),('214320','2020-07-17 00:00:00',47600,1436),('214320','2020-07-16 00:00:00',46850,1437),('214320','2020-07-15 00:00:00',47300,1438),('214320','2020-07-14 00:00:00',46250,1439),('214320','2020-07-13 00:00:00',45300,1440),('120110','2020-07-24 00:00:00',34700,1441),('120110','2020-07-23 00:00:00',35700,1442),('120110','2020-07-22 00:00:00',36200,1443),('120110','2020-07-21 00:00:00',35550,1444),('120110','2020-07-20 00:00:00',34950,1445),('120110','2020-07-17 00:00:00',35300,1446),('120110','2020-07-16 00:00:00',35000,1447),('120110','2020-07-15 00:00:00',35600,1448),('120110','2020-07-14 00:00:00',35950,1449),('120110','2020-07-13 00:00:00',37650,1450),('000670','2020-07-24 00:00:00',501000,1451),('000670','2020-07-23 00:00:00',510000,1452),('000670','2020-07-22 00:00:00',512000,1453),('000670','2020-07-21 00:00:00',488000,1454),('000670','2020-07-20 00:00:00',482000,1455),('000670','2020-07-17 00:00:00',489500,1456),('000670','2020-07-16 00:00:00',495000,1457),('000670','2020-07-15 00:00:00',499500,1458),('000670','2020-07-14 00:00:00',489500,1459),('000670','2020-07-13 00:00:00',486500,1460),('192820','2020-07-24 00:00:00',90500,1461),('192820','2020-07-23 00:00:00',91100,1462),('192820','2020-07-22 00:00:00',93200,1463),('192820','2020-07-21 00:00:00',94400,1464),('192820','2020-07-20 00:00:00',94600,1465),('192820','2020-07-17 00:00:00',96600,1466),('192820','2020-07-16 00:00:00',93800,1467),('192820','2020-07-15 00:00:00',91800,1468),('192820','2020-07-14 00:00:00',99900,1469),('192820','2020-07-13 00:00:00',99900,1470),('001680','2020-07-24 00:00:00',26050,1471),('001680','2020-07-23 00:00:00',26500,1472),('001680','2020-07-22 00:00:00',26500,1473),('001680','2020-07-21 00:00:00',25850,1474),('001680','2020-07-20 00:00:00',26150,1475),('001680','2020-07-17 00:00:00',26100,1476),('001680','2020-07-16 00:00:00',26700,1477),('001680','2020-07-15 00:00:00',27300,1478),('001680','2020-07-14 00:00:00',27950,1479),('001680','2020-07-13 00:00:00',28200,1480),('006120','2020-07-24 00:00:00',46950,1481),('006120','2020-07-23 00:00:00',45600,1482),('006120','2020-07-22 00:00:00',46250,1483),('006120','2020-07-21 00:00:00',35600,1484),('006120','2020-07-20 00:00:00',35450,1485),('006120','2020-07-17 00:00:00',35250,1486),('006120','2020-07-16 00:00:00',36700,1487),('006120','2020-07-15 00:00:00',36400,1488),('006120','2020-07-14 00:00:00',37050,1489),('006120','2020-07-13 00:00:00',35850,1490),('073240','2020-07-24 00:00:00',2965,1491),('073240','2020-07-23 00:00:00',2990,1492),('073240','2020-07-22 00:00:00',3035,1493),('073240','2020-07-21 00:00:00',3025,1494),('073240','2020-07-20 00:00:00',2975,1495),('073240','2020-07-17 00:00:00',2985,1496),('073240','2020-07-16 00:00:00',2995,1497),('073240','2020-07-15 00:00:00',2995,1498),('073240','2020-07-14 00:00:00',2945,1499),('073240','2020-07-13 00:00:00',2960,1500),('001060','2020-07-24 00:00:00',39500,1501),('001060','2020-07-23 00:00:00',38900,1502),('001060','2020-07-22 00:00:00',36050,1503),('001060','2020-07-21 00:00:00',35250,1504),('001060','2020-07-20 00:00:00',34450,1505),('001060','2020-07-17 00:00:00',34000,1506),('001060','2020-07-16 00:00:00',33750,1507),('001060','2020-07-15 00:00:00',33900,1508),('001060','2020-07-14 00:00:00',34800,1509),('001060','2020-07-13 00:00:00',32950,1510),('020560','2020-07-24 00:00:00',3665,1511),('020560','2020-07-23 00:00:00',3765,1512),('020560','2020-07-22 00:00:00',3810,1513),('020560','2020-07-21 00:00:00',3835,1514),('020560','2020-07-20 00:00:00',3810,1515),('020560','2020-07-17 00:00:00',3830,1516),('020560','2020-07-16 00:00:00',3840,1517),('020560','2020-07-15 00:00:00',3875,1518),('020560','2020-07-14 00:00:00',3810,1519),('020560','2020-07-13 00:00:00',3795,1520),('001800','2020-07-24 00:00:00',13000,1521),('001800','2020-07-23 00:00:00',13100,1522),('001800','2020-07-22 00:00:00',13300,1523),('001800','2020-07-21 00:00:00',13350,1524),('001800','2020-07-20 00:00:00',13150,1525),('001800','2020-07-17 00:00:00',13000,1526),('001800','2020-07-16 00:00:00',13000,1527),('001800','2020-07-15 00:00:00',13050,1528),('001800','2020-07-14 00:00:00',13100,1529),('001800','2020-07-13 00:00:00',13050,1530),('003850','2020-07-24 00:00:00',17000,1531),('003850','2020-07-23 00:00:00',16550,1532),('003850','2020-07-22 00:00:00',15650,1533),('003850','2020-07-21 00:00:00',15350,1534),('003850','2020-07-20 00:00:00',15600,1535),('003850','2020-07-17 00:00:00',15700,1536),('003850','2020-07-16 00:00:00',15550,1537),('003850','2020-07-15 00:00:00',15800,1538),('003850','2020-07-14 00:00:00',16000,1539),('003850','2020-07-13 00:00:00',16100,1540),('005300','2020-07-24 00:00:00',101000,1541),('005300','2020-07-23 00:00:00',103000,1542),('005300','2020-07-22 00:00:00',104000,1543),('005300','2020-07-21 00:00:00',105000,1544),('005300','2020-07-20 00:00:00',105000,1545),('005300','2020-07-17 00:00:00',100500,1546),('005300','2020-07-16 00:00:00',101000,1547),('005300','2020-07-15 00:00:00',100000,1548),('005300','2020-07-14 00:00:00',98900,1549),('005300','2020-07-13 00:00:00',99100,1550),('170900','2020-07-24 00:00:00',95600,1551),('170900','2020-07-23 00:00:00',93000,1552),('170900','2020-07-22 00:00:00',92900,1553),('170900','2020-07-21 00:00:00',91700,1554),('170900','2020-07-20 00:00:00',91700,1555),('170900','2020-07-17 00:00:00',89100,1556),('170900','2020-07-16 00:00:00',88800,1557),('170900','2020-07-15 00:00:00',87900,1558),('170900','2020-07-14 00:00:00',87000,1559),('170900','2020-07-13 00:00:00',88200,1560),('020000','2020-07-24 00:00:00',32700,1561),('020000','2020-07-23 00:00:00',33300,1562),('020000','2020-07-22 00:00:00',32600,1563),('020000','2020-07-21 00:00:00',32650,1564),('020000','2020-07-20 00:00:00',33600,1565),('020000','2020-07-17 00:00:00',34700,1566),('020000','2020-07-16 00:00:00',35150,1567),('020000','2020-07-15 00:00:00',36000,1568),('020000','2020-07-14 00:00:00',35600,1569),('020000','2020-07-13 00:00:00',36150,1570),('114090','2020-07-24 00:00:00',12900,1571),('114090','2020-07-23 00:00:00',12900,1572),('114090','2020-07-22 00:00:00',13200,1573),('114090','2020-07-21 00:00:00',13200,1574),('114090','2020-07-20 00:00:00',13000,1575),('114090','2020-07-17 00:00:00',12950,1576),('114090','2020-07-16 00:00:00',13150,1577),('114090','2020-07-15 00:00:00',13050,1578),('114090','2020-07-14 00:00:00',12600,1579),('114090','2020-07-13 00:00:00',12650,1580),('006650','2020-07-24 00:00:00',122500,1581),('006650','2020-07-23 00:00:00',122500,1582),('006650','2020-07-22 00:00:00',125000,1583),('006650','2020-07-21 00:00:00',121000,1584),('006650','2020-07-20 00:00:00',124500,1585),('006650','2020-07-17 00:00:00',124500,1586),('006650','2020-07-16 00:00:00',127500,1587),('006650','2020-07-15 00:00:00',129000,1588),('006650','2020-07-14 00:00:00',122500,1589),('006650','2020-07-13 00:00:00',124000,1590),('284740','2020-07-24 00:00:00',35450,1591),('284740','2020-07-23 00:00:00',34950,1592),('284740','2020-07-22 00:00:00',35300,1593),('284740','2020-07-21 00:00:00',36550,1594),('284740','2020-07-20 00:00:00',37500,1595),('284740','2020-07-17 00:00:00',34550,1596),('284740','2020-07-16 00:00:00',34350,1597),('284740','2020-07-15 00:00:00',32700,1598),('284740','2020-07-14 00:00:00',32400,1599),('284740','2020-07-13 00:00:00',33100,1600),('005440','2020-07-24 00:00:00',8030,1601),('005440','2020-07-23 00:00:00',8030,1602),('005440','2020-07-22 00:00:00',8260,1603),('005440','2020-07-21 00:00:00',8260,1604),('005440','2020-07-20 00:00:00',7970,1605),('005440','2020-07-17 00:00:00',8060,1606),('005440','2020-07-16 00:00:00',8090,1607),('005440','2020-07-15 00:00:00',8060,1608),('005440','2020-07-14 00:00:00',7860,1609),('005440','2020-07-13 00:00:00',7830,1610),('003240','2020-07-24 00:00:00',692000,1611),('003240','2020-07-23 00:00:00',700000,1612),('003240','2020-07-22 00:00:00',706000,1613),('003240','2020-07-21 00:00:00',701000,1614),('003240','2020-07-20 00:00:00',701000,1615),('003240','2020-07-17 00:00:00',712000,1616),('003240','2020-07-16 00:00:00',709000,1617),('003240','2020-07-15 00:00:00',715000,1618),('003240','2020-07-14 00:00:00',712000,1619),('003240','2020-07-13 00:00:00',715000,1620),('057050','2020-07-24 00:00:00',62500,1621),('057050','2020-07-23 00:00:00',62400,1622),('057050','2020-07-22 00:00:00',63300,1623),('057050','2020-07-21 00:00:00',64600,1624),('057050','2020-07-20 00:00:00',64600,1625),('057050','2020-07-17 00:00:00',65000,1626),('057050','2020-07-16 00:00:00',64700,1627),('057050','2020-07-15 00:00:00',64500,1628),('057050','2020-07-14 00:00:00',64500,1629),('057050','2020-07-13 00:00:00',63100,1630),('093370','2020-07-24 00:00:00',7890,1631),('093370','2020-07-23 00:00:00',7990,1632),('093370','2020-07-22 00:00:00',8140,1633),('093370','2020-07-21 00:00:00',8280,1634),('093370','2020-07-20 00:00:00',8270,1635),('093370','2020-07-17 00:00:00',8350,1636),('093370','2020-07-16 00:00:00',8260,1637),('093370','2020-07-15 00:00:00',8000,1638),('093370','2020-07-14 00:00:00',7920,1639),('093370','2020-07-13 00:00:00',8000,1640),('049770','2020-07-24 00:00:00',188000,1641),('049770','2020-07-23 00:00:00',190000,1642),('049770','2020-07-22 00:00:00',190000,1643),('049770','2020-07-21 00:00:00',191000,1644),('049770','2020-07-20 00:00:00',191000,1645),('049770','2020-07-17 00:00:00',185500,1646),('049770','2020-07-16 00:00:00',185500,1647),('049770','2020-07-15 00:00:00',188500,1648),('049770','2020-07-14 00:00:00',188000,1649),('049770','2020-07-13 00:00:00',185000,1650),('071840','2020-07-24 00:00:00',30650,1651),('071840','2020-07-23 00:00:00',30950,1652),('071840','2020-07-22 00:00:00',31600,1653),('071840','2020-07-21 00:00:00',31900,1654),('071840','2020-07-20 00:00:00',31400,1655),('071840','2020-07-17 00:00:00',32050,1656),('071840','2020-07-16 00:00:00',32250,1657),('071840','2020-07-15 00:00:00',32800,1658),('071840','2020-07-14 00:00:00',33100,1659),('071840','2020-07-13 00:00:00',33950,1660),('000150','2020-07-24 00:00:00',42850,1661),('000150','2020-07-23 00:00:00',44650,1662),('000150','2020-07-22 00:00:00',47250,1663),('000150','2020-07-21 00:00:00',48700,1664),('000150','2020-07-20 00:00:00',41550,1665),('000150','2020-07-17 00:00:00',38450,1666),('000150','2020-07-16 00:00:00',38850,1667),('000150','2020-07-15 00:00:00',38850,1668),('000150','2020-07-14 00:00:00',38250,1669),('000150','2020-07-13 00:00:00',37100,1670),('079550','2020-07-24 00:00:00',32150,1671),('079550','2020-07-23 00:00:00',32100,1672),('079550','2020-07-22 00:00:00',32000,1673),('079550','2020-07-21 00:00:00',32000,1674),('079550','2020-07-20 00:00:00',31450,1675),('079550','2020-07-17 00:00:00',31200,1676),('079550','2020-07-16 00:00:00',31100,1677),('079550','2020-07-15 00:00:00',31250,1678),('079550','2020-07-14 00:00:00',29150,1679),('079550','2020-07-13 00:00:00',29000,1680),('069260','2020-07-24 00:00:00',16450,1681),('069260','2020-07-23 00:00:00',16300,1682),('069260','2020-07-22 00:00:00',16550,1683),('069260','2020-07-21 00:00:00',16950,1684),('069260','2020-07-20 00:00:00',16200,1685),('069260','2020-07-17 00:00:00',16300,1686),('069260','2020-07-16 00:00:00',16500,1687),('069260','2020-07-15 00:00:00',16200,1688),('069260','2020-07-14 00:00:00',16100,1689),('069260','2020-07-13 00:00:00',16000,1690),('103140','2020-07-24 00:00:00',23150,1691),('103140','2020-07-23 00:00:00',24200,1692),('103140','2020-07-22 00:00:00',24650,1693),('103140','2020-07-21 00:00:00',22600,1694),('103140','2020-07-20 00:00:00',22800,1695),('103140','2020-07-17 00:00:00',22550,1696),('103140','2020-07-16 00:00:00',22550,1697),('103140','2020-07-15 00:00:00',23150,1698),('103140','2020-07-14 00:00:00',22650,1699),('103140','2020-07-13 00:00:00',23200,1700),('000640','2020-07-24 00:00:00',103000,1701),('000640','2020-07-23 00:00:00',100500,1702),('000640','2020-07-22 00:00:00',100500,1703),('000640','2020-07-21 00:00:00',99200,1704),('000640','2020-07-20 00:00:00',99500,1705),('000640','2020-07-17 00:00:00',96200,1706),('000640','2020-07-16 00:00:00',95900,1707),('000640','2020-07-15 00:00:00',94600,1708),('000640','2020-07-14 00:00:00',94600,1709),('000640','2020-07-13 00:00:00',95000,1710),('241590','2020-07-24 00:00:00',10300,1711),('241590','2020-07-23 00:00:00',10600,1712),('241590','2020-07-22 00:00:00',10850,1713),('241590','2020-07-21 00:00:00',10750,1714),('241590','2020-07-20 00:00:00',10850,1715),('241590','2020-07-17 00:00:00',10950,1716),('241590','2020-07-16 00:00:00',10800,1717),('241590','2020-07-15 00:00:00',11150,1718),('241590','2020-07-14 00:00:00',10900,1719),('241590','2020-07-13 00:00:00',10600,1720),('145990','2020-07-24 00:00:00',59900,1721),('145990','2020-07-23 00:00:00',60000,1722),('145990','2020-07-22 00:00:00',59500,1723),('145990','2020-07-21 00:00:00',54900,1724),('145990','2020-07-20 00:00:00',42250,1725),('145990','2020-07-17 00:00:00',42450,1726),('145990','2020-07-16 00:00:00',42850,1727),('145990','2020-07-15 00:00:00',43400,1728),('145990','2020-07-14 00:00:00',42300,1729),('145990','2020-07-13 00:00:00',42000,1730),('052690','2020-07-24 00:00:00',16050,1731),('052690','2020-07-23 00:00:00',16400,1732),('052690','2020-07-22 00:00:00',17000,1733),('052690','2020-07-21 00:00:00',16900,1734),('052690','2020-07-20 00:00:00',16100,1735),('052690','2020-07-17 00:00:00',15700,1736),('052690','2020-07-16 00:00:00',15700,1737),('052690','2020-07-15 00:00:00',15850,1738),('052690','2020-07-14 00:00:00',15600,1739),('052690','2020-07-13 00:00:00',15500,1740),('005180','2020-07-24 00:00:00',62100,1741),('005180','2020-07-23 00:00:00',62300,1742),('005180','2020-07-22 00:00:00',61700,1743),('005180','2020-07-21 00:00:00',62700,1744),('005180','2020-07-20 00:00:00',63500,1745),('005180','2020-07-17 00:00:00',62800,1746),('005180','2020-07-16 00:00:00',62200,1747),('005180','2020-07-15 00:00:00',61300,1748),('005180','2020-07-14 00:00:00',60900,1749),('005180','2020-07-13 00:00:00',60000,1750),('064960','2020-07-24 00:00:00',41450,1751),('064960','2020-07-23 00:00:00',42850,1752),('064960','2020-07-22 00:00:00',41200,1753),('064960','2020-07-21 00:00:00',42200,1754),('064960','2020-07-20 00:00:00',43500,1755),('064960','2020-07-17 00:00:00',42650,1756),('064960','2020-07-16 00:00:00',41550,1757),('064960','2020-07-15 00:00:00',42300,1758),('064960','2020-07-14 00:00:00',41650,1759),('064960','2020-07-13 00:00:00',41900,1760),('000070','2020-07-24 00:00:00',69800,1761),('000070','2020-07-23 00:00:00',69600,1762),('000070','2020-07-22 00:00:00',71700,1763),('000070','2020-07-21 00:00:00',83900,1764),('000070','2020-07-20 00:00:00',64600,1765),('000070','2020-07-17 00:00:00',62100,1766),('000070','2020-07-16 00:00:00',63200,1767),('000070','2020-07-15 00:00:00',65400,1768),('000070','2020-07-14 00:00:00',65300,1769),('000070','2020-07-13 00:00:00',67600,1770),('018250','2020-07-24 00:00:00',22600,1771),('018250','2020-07-23 00:00:00',23150,1772),('018250','2020-07-22 00:00:00',23050,1773),('018250','2020-07-21 00:00:00',23150,1774),('018250','2020-07-20 00:00:00',22650,1775),('018250','2020-07-17 00:00:00',22900,1776),('018250','2020-07-16 00:00:00',23000,1777),('018250','2020-07-15 00:00:00',22550,1778),('018250','2020-07-14 00:00:00',22200,1779),('018250','2020-07-13 00:00:00',22400,1780),('001120','2020-07-24 00:00:00',15350,1781),('001120','2020-07-23 00:00:00',15750,1782),('001120','2020-07-22 00:00:00',15450,1783),('001120','2020-07-21 00:00:00',15300,1784),('001120','2020-07-20 00:00:00',15350,1785),('001120','2020-07-17 00:00:00',15200,1786),('001120','2020-07-16 00:00:00',15000,1787),('001120','2020-07-15 00:00:00',15000,1788),('001120','2020-07-14 00:00:00',14950,1789),('001120','2020-07-13 00:00:00',14850,1790),('115390','2020-07-24 00:00:00',10800,1791),('115390','2020-07-23 00:00:00',10850,1792),('115390','2020-07-22 00:00:00',10950,1793),('115390','2020-07-21 00:00:00',11250,1794),('115390','2020-07-20 00:00:00',11050,1795),('115390','2020-07-17 00:00:00',11000,1796),('115390','2020-07-16 00:00:00',10950,1797),('115390','2020-07-15 00:00:00',10900,1798),('115390','2020-07-14 00:00:00',10550,1799),('115390','2020-07-13 00:00:00',10450,1800),('192400','2020-07-24 00:00:00',82100,1801),('192400','2020-07-23 00:00:00',81100,1802),('192400','2020-07-22 00:00:00',82800,1803),('192400','2020-07-21 00:00:00',84000,1804),('192400','2020-07-20 00:00:00',83200,1805),('192400','2020-07-17 00:00:00',83200,1806),('192400','2020-07-16 00:00:00',82500,1807),('192400','2020-07-15 00:00:00',82100,1808),('192400','2020-07-14 00:00:00',82700,1809),('192400','2020-07-13 00:00:00',82500,1810),('005610','2020-07-24 00:00:00',67000,1811),('005610','2020-07-23 00:00:00',68400,1812),('005610','2020-07-22 00:00:00',70000,1813),('005610','2020-07-21 00:00:00',69900,1814),('005610','2020-07-20 00:00:00',70400,1815),('005610','2020-07-17 00:00:00',70600,1816),('005610','2020-07-16 00:00:00',73600,1817),('005610','2020-07-15 00:00:00',73500,1818),('005610','2020-07-14 00:00:00',73200,1819),('005610','2020-07-13 00:00:00',71600,1820),('001230','2020-07-24 00:00:00',5990,1821),('001230','2020-07-23 00:00:00',6220,1822),('001230','2020-07-22 00:00:00',6340,1823),('001230','2020-07-21 00:00:00',6140,1824),('001230','2020-07-20 00:00:00',6060,1825),('001230','2020-07-17 00:00:00',5810,1826),('001230','2020-07-16 00:00:00',5890,1827),('001230','2020-07-15 00:00:00',5850,1828),('001230','2020-07-14 00:00:00',5620,1829),('001230','2020-07-13 00:00:00',5700,1830),('012630','2020-07-24 00:00:00',9390,1831),('012630','2020-07-23 00:00:00',9380,1832),('012630','2020-07-22 00:00:00',9280,1833),('012630','2020-07-21 00:00:00',9240,1834),('012630','2020-07-20 00:00:00',8850,1835),('012630','2020-07-17 00:00:00',8750,1836),('012630','2020-07-16 00:00:00',8750,1837),('012630','2020-07-15 00:00:00',8540,1838),('012630','2020-07-14 00:00:00',8430,1839),('012630','2020-07-13 00:00:00',8500,1840),('108670','2020-07-24 00:00:00',60800,1841),('108670','2020-07-23 00:00:00',61900,1842),('108670','2020-07-22 00:00:00',62700,1843),('108670','2020-07-21 00:00:00',62900,1844),('108670','2020-07-20 00:00:00',63000,1845),('108670','2020-07-17 00:00:00',63800,1846),('108670','2020-07-16 00:00:00',65200,1847),('108670','2020-07-15 00:00:00',67300,1848),('108670','2020-07-14 00:00:00',69800,1849),('108670','2020-07-13 00:00:00',70600,1850),('014820','2020-07-24 00:00:00',21000,1851),('014820','2020-07-23 00:00:00',21500,1852),('014820','2020-07-22 00:00:00',21900,1853),('014820','2020-07-21 00:00:00',22000,1854),('014820','2020-07-20 00:00:00',21650,1855),('014820','2020-07-17 00:00:00',22200,1856),('014820','2020-07-16 00:00:00',22100,1857),('014820','2020-07-15 00:00:00',22100,1858),('014820','2020-07-14 00:00:00',21600,1859),('014820','2020-07-13 00:00:00',21500,1860),('002350','2020-07-24 00:00:00',5220,1861),('002350','2020-07-23 00:00:00',5230,1862),('002350','2020-07-22 00:00:00',5300,1863),('002350','2020-07-21 00:00:00',5230,1864),('002350','2020-07-20 00:00:00',5240,1865),('002350','2020-07-17 00:00:00',5370,1866),('002350','2020-07-16 00:00:00',5330,1867),('002350','2020-07-15 00:00:00',5340,1868),('002350','2020-07-14 00:00:00',5280,1869),('002350','2020-07-13 00:00:00',5260,1870),('006390','2020-07-24 00:00:00',27700,1871),('006390','2020-07-23 00:00:00',28250,1872),('006390','2020-07-22 00:00:00',28300,1873),('006390','2020-07-21 00:00:00',28350,1874),('006390','2020-07-20 00:00:00',28100,1875),('006390','2020-07-17 00:00:00',28100,1876),('006390','2020-07-16 00:00:00',28200,1877),('006390','2020-07-15 00:00:00',28500,1878),('006390','2020-07-14 00:00:00',28450,1879),('006390','2020-07-13 00:00:00',28800,1880),('105630','2020-07-24 00:00:00',10800,1881),('105630','2020-07-23 00:00:00',10850,1882),('105630','2020-07-22 00:00:00',11000,1883),('105630','2020-07-21 00:00:00',10950,1884),('105630','2020-07-20 00:00:00',10900,1885),('105630','2020-07-17 00:00:00',11300,1886),('105630','2020-07-16 00:00:00',11300,1887),('105630','2020-07-15 00:00:00',10700,1888),('105630','2020-07-14 00:00:00',10600,1889),('105630','2020-07-13 00:00:00',10650,1890),('001430','2020-07-24 00:00:00',11500,1891),('001430','2020-07-23 00:00:00',11100,1892),('001430','2020-07-22 00:00:00',11350,1893),('001430','2020-07-21 00:00:00',10500,1894),('001430','2020-07-20 00:00:00',10700,1895),('001430','2020-07-17 00:00:00',10450,1896),('001430','2020-07-16 00:00:00',10550,1897),('001430','2020-07-15 00:00:00',10700,1898),('001430','2020-07-14 00:00:00',10300,1899),('001430','2020-07-13 00:00:00',10400,1900),('079160','2020-07-24 00:00:00',19450,1901),('079160','2020-07-23 00:00:00',19800,1902),('079160','2020-07-22 00:00:00',19900,1903),('079160','2020-07-21 00:00:00',20450,1904),('079160','2020-07-20 00:00:00',19450,1905),('079160','2020-07-17 00:00:00',19500,1906),('079160','2020-07-16 00:00:00',19550,1907),('079160','2020-07-15 00:00:00',19850,1908),('079160','2020-07-14 00:00:00',19850,1909),('079160','2020-07-13 00:00:00',19600,1910),('004490','2020-07-24 00:00:00',28700,1911),('004490','2020-07-23 00:00:00',29150,1912),('004490','2020-07-22 00:00:00',29400,1913),('004490','2020-07-21 00:00:00',29150,1914),('004490','2020-07-20 00:00:00',29700,1915),('004490','2020-07-17 00:00:00',29800,1916),('004490','2020-07-16 00:00:00',29900,1917),('004490','2020-07-15 00:00:00',30150,1918),('004490','2020-07-14 00:00:00',29800,1919),('004490','2020-07-13 00:00:00',29850,1920),('027410','2020-07-24 00:00:00',4160,1921),('027410','2020-07-23 00:00:00',4200,1922),('027410','2020-07-22 00:00:00',4295,1923),('027410','2020-07-21 00:00:00',4335,1924),('027410','2020-07-20 00:00:00',4360,1925),('027410','2020-07-17 00:00:00',4360,1926),('027410','2020-07-16 00:00:00',4400,1927),('027410','2020-07-15 00:00:00',4400,1928),('027410','2020-07-14 00:00:00',4320,1929),('027410','2020-07-13 00:00:00',4285,1930),('025860','2020-07-24 00:00:00',7940,1931),('025860','2020-07-23 00:00:00',7810,1932),('025860','2020-07-22 00:00:00',7820,1933),('025860','2020-07-21 00:00:00',7740,1934),('025860','2020-07-20 00:00:00',7600,1935),('025860','2020-07-17 00:00:00',7640,1936),('025860','2020-07-16 00:00:00',7660,1937),('025860','2020-07-15 00:00:00',7640,1938),('025860','2020-07-14 00:00:00',7520,1939),('025860','2020-07-13 00:00:00',7540,1940),('002270','2020-07-24 00:00:00',327500,1941),('002270','2020-07-23 00:00:00',331000,1942),('002270','2020-07-22 00:00:00',334000,1943),('002270','2020-07-21 00:00:00',334500,1944),('002270','2020-07-20 00:00:00',334000,1945),('002270','2020-07-17 00:00:00',334000,1946),('002270','2020-07-16 00:00:00',339000,1947),('002270','2020-07-15 00:00:00',341000,1948),('002270','2020-07-14 00:00:00',343000,1949),('002270','2020-07-13 00:00:00',341000,1950),('014830','2020-07-24 00:00:00',41650,1951),('014830','2020-07-23 00:00:00',41600,1952),('014830','2020-07-22 00:00:00',41800,1953),('014830','2020-07-21 00:00:00',41400,1954),('014830','2020-07-20 00:00:00',41400,1955),('014830','2020-07-17 00:00:00',41250,1956),('014830','2020-07-16 00:00:00',41450,1957),('014830','2020-07-15 00:00:00',41550,1958),('014830','2020-07-14 00:00:00',41500,1959),('014830','2020-07-13 00:00:00',41500,1960),('093050','2020-07-24 00:00:00',12050,1961),('093050','2020-07-23 00:00:00',12150,1962),('093050','2020-07-22 00:00:00',12200,1963),('093050','2020-07-21 00:00:00',12200,1964),('093050','2020-07-20 00:00:00',12150,1965),('093050','2020-07-17 00:00:00',12200,1966),('093050','2020-07-16 00:00:00',12150,1967),('093050','2020-07-15 00:00:00',12200,1968),('093050','2020-07-14 00:00:00',12050,1969),('093050','2020-07-13 00:00:00',12000,1970),('019680','2020-07-24 00:00:00',4140,1971),('019680','2020-07-23 00:00:00',4105,1972),('019680','2020-07-22 00:00:00',4125,1973),('019680','2020-07-21 00:00:00',4125,1974),('019680','2020-07-20 00:00:00',4105,1975),('019680','2020-07-17 00:00:00',4070,1976),('019680','2020-07-16 00:00:00',4070,1977),('019680','2020-07-15 00:00:00',4110,1978),('019680','2020-07-14 00:00:00',4125,1979),('019680','2020-07-13 00:00:00',4105,1980),('002240','2020-07-24 00:00:00',15800,1981),('002240','2020-07-23 00:00:00',15950,1982),('002240','2020-07-22 00:00:00',16300,1983),('002240','2020-07-21 00:00:00',16100,1984),('002240','2020-07-20 00:00:00',16050,1985),('002240','2020-07-17 00:00:00',15700,1986),('002240','2020-07-16 00:00:00',15800,1987),('002240','2020-07-15 00:00:00',15900,1988),('002240','2020-07-14 00:00:00',15650,1989),('002240','2020-07-13 00:00:00',15700,1990),('060980','2020-07-24 00:00:00',27550,1991),('060980','2020-07-23 00:00:00',28050,1992),('060980','2020-07-22 00:00:00',27700,1993),('060980','2020-07-21 00:00:00',27650,1994),('060980','2020-07-20 00:00:00',27600,1995),('060980','2020-07-17 00:00:00',27400,1996),('060980','2020-07-16 00:00:00',27150,1997),('060980','2020-07-15 00:00:00',27000,1998),('060980','2020-07-14 00:00:00',26900,1999),('060980','2020-07-13 00:00:00',26900,2000);
/*!40000 ALTER TABLE `stock_price` ENABLE KEYS */;
UNLOCK TABLES;

--
-- Table structure for table `user`
--

DROP TABLE IF EXISTS `user`;
/*!40101 SET @saved_cs_client     = @@character_set_client */;
/*!40101 SET character_set_client = utf8 */;
CREATE TABLE `user` (
  `id` int(11) NOT NULL AUTO_INCREMENT,
  `name` varchar(255) NOT NULL,
  PRIMARY KEY (`id`)
) ENGINE=InnoDB DEFAULT CHARSET=utf8mb4;
/*!40101 SET character_set_client = @saved_cs_client */;

--
-- Dumping data for table `user`
--

LOCK TABLES `user` WRITE;
/*!40000 ALTER TABLE `user` DISABLE KEYS */;
/*!40000 ALTER TABLE `user` ENABLE KEYS */;
UNLOCK TABLES;
/*!40103 SET TIME_ZONE=@OLD_TIME_ZONE */;

/*!40101 SET SQL_MODE=@OLD_SQL_MODE */;
/*!40014 SET FOREIGN_KEY_CHECKS=@OLD_FOREIGN_KEY_CHECKS */;
/*!40014 SET UNIQUE_CHECKS=@OLD_UNIQUE_CHECKS */;
/*!40101 SET CHARACTER_SET_CLIENT=@OLD_CHARACTER_SET_CLIENT */;
/*!40101 SET CHARACTER_SET_RESULTS=@OLD_CHARACTER_SET_RESULTS */;
/*!40101 SET COLLATION_CONNECTION=@OLD_COLLATION_CONNECTION */;
/*!40111 SET SQL_NOTES=@OLD_SQL_NOTES */;

-- Dump completed on 2020-07-25  1:28:14
